scenario,n_society,alpha,seed,n_harmful,placement,feedback_strength,social_mean_degree,retail_wealth_scale,retail_risk_appetite,asset_liquidity_scale,n_llm_leaders,llm_provider,llm_model,llm_backend,defense,defense_mode,label,collapse_rate,collapse_day,max_collapse_score,retail_loss_pct_30d,harmful_profit,wealth_transfer,price_dislocation_max,liquidity_stress_max,social_cascade_peak,intervention_cost,utility_loss,false_positive_rate
s1,1000,0.015,1,15,,0.0,-1,nan,nan,nan,0,,,,0,,f=0.0,0.0,-1,0.9707012315607885,2.1166030663788925e-05,-2427.743542008917,-11.644669210761734,0.24463890264288995,0.97855561057156,0.3746192893401015,0.0,0.0,0.0
s1,1000,0.015,2,15,,0.0,-1,nan,nan,nan,0,,,,0,,f=0.0,0.0,-1,0.918862522403321,-0.00013171178359179024,-5230.80205647985,-4.031878390658805,0.23812491893566592,0.9524996757426636,0.31370558375634516,0.0,0.0,0.0
s1,1000,0.015,3,15,,0.0,-1,nan,nan,nan,0,,,,0,,f=0.0,0.0,-1,0.889680905647072,0.0005869036401119934,-10868.122319027665,-1.8799724461956984,0.26991731353960086,1.0796692541584036,0.38781725888324875,0.0,0.0,0.0
s1,1000,0.015,4,15,,0.0,-1,nan,nan,nan,0,,,,0,,f=0.0,0.0,-1,0.9436924808817668,3.1121309854203675e-06,-6022.123589381808,-196.45159808028257,0.2931059479037785,1.1724237916151141,0.24467005076142131,0.0,0.0,0.0
s1,1000,0.015,5,15,,0.0,-1,nan,nan,nan,0,,,,0,,f=0.0,1.0,4,1.0202725716798529,0.0006973188774151548,-10955.308343606186,-1.5949862839780757,0.31867337355966285,1.2746934942386514,0.3350253807106599,0.0,0.0,0.0
s1,1000,0.015,6,15,,0.0,-1,nan,nan,nan,0,,,,0,,f=0.0,1.0,21,1.1043346438479054,-0.0012866917818977596,-4052.1223801822634,-0.3197214659697804,0.3039281352011103,1.2157125408044411,0.2629441624365482,0.0,0.0,0.0
s1,1000,0.015,7,15,,0.0,-1,nan,nan,nan,0,,,,0,,f=0.0,1.0,4,0.9711355456395899,0.00020982632925554279,-2464.6701414874988,-1.1925115395218266,0.3032540807093838,1.213016322837535,0.43451776649746193,0.0,0.0,0.0
s1,1000,0.015,8,15,,0.0,-1,nan,nan,nan,0,,,,0,,f=0.0,1.0,12,1.05254901509622,0.0004985424756950836,-7998.449942411622,-1.62879877733983,0.26517137532295193,1.0606855012918075,0.4071065989847716,0.0,0.0,0.0
s1,1000,0.015,9,15,,0.0,-1,nan,nan,nan,0,,,,0,,f=0.0,1.0,4,1.2064929118447092,0.00042700542753042306,-10615.922306240187,-2.523992765159384,0.3768651276916928,1.5074605107667711,0.4588832487309645,0.0,0.0,0.0
s1,1000,0.015,10,15,,0.0,-1,nan,nan,nan,0,,,,0,,f=0.0,1.0,4,1.174737126170974,0.0002614233896011477,-8822.463068846846,-3.4261721233081084,0.3414748443575606,1.3658993774302424,0.41725888324873095,0.0,0.0,0.0
s1,1000,0.015,11,15,,0.0,-1,nan,nan,nan,0,,,,0,,f=0.0,0.0,-1,0.8711403585454796,0.0007087852155046566,-11427.392506701523,-1.6368024415022682,0.2321803669983914,0.9287214679935656,0.25583756345177666,0.0,0.0,0.0
s1,1000,0.015,12,15,,0.0,-1,nan,nan,nan,0,,,,0,,f=0.0,1.0,3,1.2201550477644405,0.0004815281460125964,-13161.904255180503,-2.7749861469180597,0.381154367064018,1.5246174682560723,0.3847715736040609,0.0,0.0,0.0
s1,1000,0.015,13,15,,0.0,-1,nan,nan,nan,0,,,,0,,f=0.0,0.0,-1,0.9092865677359285,0.000648359020633935,-4089.0764950849116,-0.640285175867328,0.28403831861968426,1.1361532744787368,0.31675126903553297,0.0,0.0,0.0
s1,1000,0.015,14,15,,0.0,-1,nan,nan,nan,0,,,,0,,f=0.0,0.0,-1,0.9887873651539475,6.648560021299547e-05,-6339.722573673585,-9.680692588527457,0.25468541670419753,1.0187416668167901,0.3472081218274112,0.0,0.0,0.0
s1,1000,0.015,15,15,,0.0,-1,nan,nan,nan,0,,,,0,,f=0.0,1.0,3,1.390339600872549,-0.00019224130983847349,-4872.4411572171375,-2.573141419450725,0.4342593724190242,1.7370374896760965,0.29949238578680204,0.0,0.0,0.0
s1,1000,0.015,16,15,,0.0,-1,nan,nan,nan,0,,,,0,,f=0.0,1.0,3,1.0482421142272467,0.00047475992939704413,-9940.253348020487,-2.1256275308037056,0.3199400004701907,1.2797600018807627,0.28223350253807106,0.0,0.0,0.0
s1,1000,0.015,17,15,,0.0,-1,nan,nan,nan,0,,,,0,,f=0.0,0.0,-1,1.0774147505905456,0.0005371868347212067,-14081.816084599006,-2.6613198724023186,0.2907087781993435,1.162835112797374,0.32893401015228424,0.0,0.0,0.0
s1,1000,0.015,18,15,,0.0,-1,nan,nan,nan,0,,,,0,,f=0.0,0.0,-1,0.9313822185549462,-0.0005215913623357712,-5204.355774917174,-1.0129788001306068,0.25405317479302514,1.0162126991721006,0.2365482233502538,0.0,0.0,0.0
s1,1000,0.015,19,15,,0.0,-1,nan,nan,nan,0,,,,0,,f=0.0,0.0,-1,0.8622108273983711,0.000636104873628332,-6908.179570700042,-1.1025509417681663,0.2693079992932718,1.0772319971730875,0.3553299492385787,0.0,0.0,0.0
s1,1000,0.015,20,15,,0.0,-1,nan,nan,nan,0,,,,0,,f=0.0,1.0,3,1.042026126334363,-8.083960327872921e-05,-9284.471131726867,-11.65995209610554,0.32551293717756913,1.3020517487102765,0.36548223350253806,0.0,0.0,0.0
s1,1000,0.015,21,15,,0.0,-1,nan,nan,nan,0,,,,0,,f=0.0,1.0,8,1.0220681593607008,0.0003702281188703884,-4841.618257077644,-1.3276540148652454,0.24436421687366508,0.9774568674946602,0.516751269035533,0.0,0.0,0.0
s1,1000,0.015,22,15,,0.0,-1,nan,nan,nan,0,,,,0,,f=0.0,0.0,-1,0.9281898862331535,0.0007474442338663612,-3492.8787177535705,-0.4744259977595653,0.2899235587505149,1.1596942350020596,0.3553299492385787,0.0,0.0,0.0
s1,1000,0.015,23,15,,0.0,-1,nan,nan,nan,0,,,,0,,f=0.0,0.0,-1,1.0326822144134133,-0.0008040981275896509,-11446.50698558439,-1.4451991462210352,0.265182098536592,1.060728394146368,0.3725888324873096,0.0,0.0,0.0
s1,1000,0.015,24,15,,0.0,-1,nan,nan,nan,0,,,,0,,f=0.0,0.0,-1,0.9134745070544159,0.00045443545636111106,-13517.281163052423,-3.019818962676249,0.2853220566402565,1.1412882265610262,0.2629441624365482,0.0,0.0,0.0
s1,1000,0.015,25,15,,0.0,-1,nan,nan,nan,0,,,,0,,f=0.0,1.0,4,1.3413224793915564,0.00047157211328955923,-8104.65414596186,-1.744818033808522,0.3632505887863233,1.4530023551452933,0.4700507614213198,0.0,0.0,0.0
s1,1000,0.015,26,15,,0.0,-1,nan,nan,nan,0,,,,0,,f=0.0,1.0,4,1.0162864378324903,9.12702769701024e-05,-5547.492692109314,-6.17065321068105,0.3174703748959277,1.269881499583711,0.45380710659898477,0.0,0.0,0.0
s1,1000,0.015,27,15,,0.0,-1,nan,nan,nan,0,,,,0,,f=0.0,0.0,-1,0.954451157695647,-4.267413514860088e-05,-12214.137505642255,-29.0577408457295,0.2545592165060956,1.0182368660243823,0.27918781725888325,0.0,0.0,0.0
s1,1000,0.015,28,15,,0.0,-1,nan,nan,nan,0,,,,0,,f=0.0,1.0,3,1.0383981992509894,-0.0002500539646108592,-9807.547949202824,-3.9819010615436965,0.32437785934555075,1.297511437382203,0.39390862944162436,0.0,0.0,0.0
s1,1000,0.015,29,15,,0.0,-1,nan,nan,nan,0,,,,0,,f=0.0,1.0,4,1.1054219131277991,0.00037000275852527414,-11255.062728178687,-3.0882093063465406,0.3167057323370016,1.2668229293480064,0.4131979695431472,0.0,0.0,0.0
s1,1000,0.015,30,15,,0.0,-1,nan,nan,nan,0,,,,0,,f=0.0,1.0,11,0.874419313636717,0.00042594160658529566,-8982.865893250331,-2.141058930223116,0.19501389878132058,0.7800555951252823,0.500507614213198,0.0,0.0,0.0
s1,1000,0.015,31,15,,0.0,-1,nan,nan,nan,0,,,,0,,f=0.0,1.0,12,1.2409250434420345,-0.001046017221940048,-8736.26868961833,-0.847912264568974,0.3122362821043748,1.2489451284174993,0.483248730964467,0.0,0.0,0.0
s1,1000,0.015,32,15,,0.0,-1,nan,nan,nan,0,,,,0,,f=0.0,1.0,9,0.9297971970067771,0.0006601910086329743,-3308.0365589145804,-0.5087031944165962,0.23909131223337524,0.9563652489335006,0.43147208121827413,0.0,0.0,0.0
s1,1000,0.015,33,15,,0.0,-1,nan,nan,nan,0,,,,0,,f=0.0,1.0,4,0.9935686309257719,0.00042459656439494664,-7517.436524463119,-1.7974510142675288,0.3103176316427958,1.2412705265711832,0.35431472081218274,0.0,0.0,0.0
s1,1000,0.015,34,15,,0.0,-1,nan,nan,nan,0,,,,0,,f=0.0,0.0,-1,0.8839857294566369,0.0005942042439391241,-6303.8432608793955,-1.0770439523560345,0.23013644698430938,0.9205457879372374,0.29441624365482233,0.0,0.0,0.0
s1,1000,0.015,35,15,,0.0,-1,nan,nan,nan,0,,,,0,,f=0.0,1.0,4,1.0605220055561644,0.00029635607678310825,-3883.6299106662627,-1.3304169516981008,0.33123525079890487,1.3249410031956197,0.36243654822335025,0.0,0.0,0.0
s1,1000,0.015,36,15,,0.0,-1,nan,nan,nan,0,,,,0,,f=0.0,1.0,4,1.3473169562246774,0.000522944706413649,-7110.748081630678,-1.3804582964267742,0.37960758081317963,1.5184303232527183,0.42842639593908627,0.0,0.0,0.0
s1,1000,0.015,37,15,,0.0,-1,nan,nan,nan,0,,,,0,,f=0.0,0.0,-1,0.9927773879393018,-0.00031230057838585625,-8210.6910477872,-2.669135931528502,0.261044545755093,1.0441781830203718,0.3147208121827411,0.0,0.0,0.0
s1,1000,0.015,38,15,,0.0,-1,nan,nan,nan,0,,,,0,,f=0.0,0.0,-1,0.8827638981861531,0.00017866390359469778,-7943.259403318283,-4.51362730928537,0.24401101889558846,0.9760440755823538,0.36852791878172586,0.0,0.0,0.0
s1,1000,0.015,39,15,,0.0,-1,nan,nan,nan,0,,,,0,,f=0.0,1.0,3,0.9842568851409347,0.00048298354281046366,-9918.203502290766,-2.0848002554523477,0.30745894286830067,1.2298357714732027,0.3411167512690355,0.0,0.0,0.0
s1,1000,0.015,40,15,,0.0,-1,nan,nan,nan,0,,,,0,,f=0.0,0.0,-1,0.9111107268370107,-0.00017274195309936396,-950.0363795110025,-0.5583495620401212,0.24284808680346484,0.9713923472138593,0.29746192893401013,0.0,0.0,0.0
s1,1000,0.015,41,15,,0.0,-1,nan,nan,nan,0,,,,0,,f=0.0,0.0,-1,0.9844121725229142,0.0005296419341414032,-1436.1568981145974,-0.275285473778459,0.24895102976714145,0.9958041190685656,0.3746192893401015,0.0,0.0,0.0
s1,1000,0.015,42,15,,0.0,-1,nan,nan,nan,0,,,,0,,f=0.0,0.0,-1,1.0939229631867504,-0.00031002198047765773,-8779.758338954998,-2.8751058969627707,0.29551769474421996,1.1820707789768798,0.29644670050761424,0.0,0.0,0.0
s1,1000,0.015,43,15,,0.0,-1,nan,nan,nan,0,,,,0,,f=0.0,0.0,-1,0.8356923775058898,0.0009598737136369127,-11822.801583804074,-1.250460771765346,0.26100385113002084,1.0440154045200831,0.27106598984771574,0.0,0.0,0.0
s1,1000,0.015,44,15,,0.0,-1,nan,nan,nan,0,,,,0,,f=0.0,0.0,-1,0.9059073396735975,0.0003139269370054306,-7082.127820017631,-2.2903346717669604,0.23929349265869235,0.9571739706347693,0.3065989847715736,0.0,0.0,0.0
s1,1000,0.015,45,15,,0.0,-1,nan,nan,nan,0,,,,0,,f=0.0,1.0,11,1.0663938390764118,-0.0006200021714633945,-1829.4576239888556,-0.29956627093360383,0.28429449418913644,1.1371779767565457,0.4263959390862944,0.0,0.0,0.0
s1,1000,0.015,46,15,,0.0,-1,nan,nan,nan,0,,,,0,,f=0.0,1.0,4,1.069883870668315,7.980025015052806e-07,-5347.524337674375,-680.3185088029724,0.3226357139476353,1.290542855790541,0.44263959390862945,0.0,0.0,0.0
s1,1000,0.015,47,15,,0.0,-1,nan,nan,nan,0,,,,0,,f=0.0,1.0,4,1.1375253642628427,-0.0015124361556125474,-8551.774455101346,-0.5740410589053431,0.3552547445732705,1.4210189782930822,0.37766497461928933,0.0,0.0,0.0
s1,1000,0.015,48,15,,0.0,-1,nan,nan,nan,0,,,,0,,f=0.0,1.0,7,1.3495684341113792,-0.00010323525089165432,-9110.05971671699,-8.95894717230092,0.38843896811280487,1.5537558724512195,0.3928934010152284,0.0,0.0,0.0
s1,1000,0.015,49,15,,0.0,-1,nan,nan,nan,0,,,,0,,f=0.0,0.0,-1,0.884964185827275,0.0004273977660113558,-6006.245085127768,-1.4267062748663486,0.23323520564106073,0.9329408225642428,0.27614213197969545,0.0,0.0,0.0
s1,1000,0.015,50,15,,0.0,-1,nan,nan,nan,0,,,,0,,f=0.0,1.0,4,1.0762102007243415,0.0003326962455511471,-7274.220960269333,-2.219741279772049,0.3361535628960746,1.3446142515842983,0.31573604060913707,0.0,0.0,0.0
s1,1000,0.015,1,15,,0.2,-1,nan,nan,nan,0,,,,0,,f=0.2,0.0,-1,0.9711366489165532,3.929009891044216e-05,-2224.1774719835958,-5.7471176136619,0.24476456618836084,0.9790582647534434,0.3746192893401015,0.0,0.0,0.0
s1,1000,0.015,2,15,,0.2,-1,nan,nan,nan,0,,,,0,,f=0.2,0.0,-1,0.9193116420201926,-0.00013779619871378702,-5092.162476931931,-3.7517058864199306,0.23826176676090324,0.9530470670436131,0.31370558375634516,0.0,0.0,0.0
s1,1000,0.015,3,15,,0.2,-1,nan,nan,nan,0,,,,0,,f=0.2,0.0,-1,0.8896999986185641,0.0005897501952524491,-10873.336275169975,-1.871795917183099,0.26991731353960086,1.0796692541584036,0.38781725888324875,0.0,0.0,0.0
s1,1000,0.015,4,15,,0.2,-1,nan,nan,nan,0,,,,0,,f=0.2,0.0,-1,0.9430333737694667,5.742462317501833e-06,-6020.472181811929,-106.4378686591094,0.2931059479037785,1.1724237916151141,0.24467005076142131,0.0,0.0,0.0
s1,1000,0.015,5,15,,0.2,-1,nan,nan,nan,0,,,,0,,f=0.2,1.0,4,1.0202725716798529,0.0006973188774151548,-10955.308343606186,-1.5949862839780757,0.31867337355966285,1.2746934942386514,0.3350253807106599,0.0,0.0,0.0
s1,1000,0.015,6,15,,0.2,-1,nan,nan,nan,0,,,,0,,f=0.2,1.0,21,1.1044647113080917,-0.0012267004295820512,-4178.781088939286,-0.3458397214894897,0.30396811854246497,1.2158724741698599,0.2629441624365482,0.0,0.0,0.0
s1,1000,0.015,7,15,,0.2,-1,nan,nan,nan,0,,,,0,,f=0.2,1.0,4,0.9711355456395899,0.00021220793144049378,-2469.6981210842496,-1.181533470554778,0.3032540807093838,1.213016322837535,0.43451776649746193,0.0,0.0,0.0
s1,1000,0.015,8,15,,0.2,-1,nan,nan,nan,0,,,,0,,f=0.2,1.0,12,0.9903694631986312,0.0004996384144368283,-7895.204721352318,-1.6042473984645413,0.25842412236765716,1.0336964894706284,0.4071065989847716,0.0,0.0,0.0
s1,1000,0.015,9,15,,0.2,-1,nan,nan,nan,0,,,,0,,f=0.2,1.0,4,1.2064929118447092,0.00042578532940258987,-10448.087205229327,-2.491207282105102,0.3768651276916928,1.5074605107667711,0.4588832487309645,0.0,0.0,0.0
s1,1000,0.015,10,15,,0.2,-1,nan,nan,nan,0,,,,0,,f=0.2,1.0,4,1.174737126170974,0.0003453455159139966,-8768.426945909625,-2.577695635254892,0.3414748443575606,1.3658993774302424,0.41725888324873095,0.0,0.0,0.0
s1,1000,0.015,11,15,,0.2,-1,nan,nan,nan,0,,,,0,,f=0.2,0.0,-1,0.8710392815827654,0.0007254976643691889,-11433.415558548062,-1.5999401591358942,0.23214499124126026,0.9285799649650412,0.25583756345177666,0.0,0.0,0.0
s1,1000,0.015,12,15,,0.2,-1,nan,nan,nan,0,,,,0,,f=0.2,1.0,3,1.2201550477644405,0.0004815281460125964,-13161.904255180503,-2.7749861469180597,0.381154367064018,1.5246174682560723,0.3847715736040609,0.0,0.0,0.0
s1,1000,0.015,13,15,,0.2,-1,nan,nan,nan,0,,,,0,,f=0.2,0.0,-1,0.9092865677359285,0.000648596629724852,-3875.306154893362,-0.6065897954332425,0.28403831861968426,1.1361532744787368,0.31675126903553297,0.0,0.0,0.0
s1,1000,0.015,14,15,,0.2,-1,nan,nan,nan,0,,,,0,,f=0.2,0.0,-1,0.9952326774403075,6.213861541718547e-05,-6346.080804320984,-10.36830573951029,0.25669526892560196,1.0267810757024076,0.3472081218274112,0.0,0.0,0.0
s1,1000,0.015,15,15,,0.2,-1,nan,nan,nan,0,,,,0,,f=0.2,1.0,3,1.390339600872549,-0.0001821816821615708,-4678.549732570536,-2.607175774455904,0.4342593724190242,1.7370374896760965,0.29949238578680204,0.0,0.0,0.0
s1,1000,0.015,16,15,,0.2,-1,nan,nan,nan,0,,,,0,,f=0.2,1.0,3,1.0482421142272467,0.0004961522437582918,-9958.801939847763,-2.037773475656383,0.3199400004701907,1.2797600018807627,0.28223350253807106,0.0,0.0,0.0
s1,1000,0.015,17,15,,0.2,-1,nan,nan,nan,0,,,,0,,f=0.2,0.0,-1,1.0774147505905456,0.0005371868347212067,-14081.816084599006,-2.6613198724023186,0.2907087781993435,1.162835112797374,0.32893401015228424,0.0,0.0,0.0
s1,1000,0.015,18,15,,0.2,-1,nan,nan,nan,0,,,,0,,f=0.2,0.0,-1,0.9313846358439742,-0.0005322657562495413,-5202.027933366946,-0.9922198771667448,0.25405263498335806,1.0162105399334322,0.2365482233502538,0.0,0.0,0.0
s1,1000,0.015,19,15,,0.2,-1,nan,nan,nan,0,,,,0,,f=0.2,0.0,-1,0.8622108273983711,0.0006370616655405327,-6908.389238789561,-1.1009284524875762,0.2693079992932718,1.0772319971730875,0.3553299492385787,0.0,0.0,0.0
s1,1000,0.015,20,15,,0.2,-1,nan,nan,nan,0,,,,0,,f=0.2,1.0,3,1.042026126334363,-0.000295042213671628,-9264.69949160982,-3.1879459447001763,0.32551293717756913,1.3020517487102765,0.36548223350253806,0.0,0.0,0.0
s1,1000,0.015,21,15,,0.2,-1,nan,nan,nan,0,,,,0,,f=0.2,1.0,8,1.028215125602278,0.0001917744991901865,-4808.5258125674445,-2.5455689440418108,0.24436421687366508,0.9774568674946602,0.516751269035533,0.0,0.0,0.0
s1,1000,0.015,22,15,,0.2,-1,nan,nan,nan,0,,,,0,,f=0.2,0.0,-1,0.9281898862331535,0.0007474442338663612,-3492.8787177535705,-0.4744259977595653,0.2899235587505149,1.1596942350020596,0.3553299492385787,0.0,0.0,0.0
s1,1000,0.015,23,15,,0.2,-1,nan,nan,nan,0,,,,0,,f=0.2,0.0,-1,1.0353439982620922,-0.00017451331054612162,-11617.769143132027,-6.758618840306763,0.26888493843003597,1.075539753720144,0.3725888324873096,0.0,0.0,0.0
s1,1000,0.015,24,15,,0.2,-1,nan,nan,nan,0,,,,0,,f=0.2,0.0,-1,0.9134745070544159,0.0004521206443804094,-13517.79088893882,-3.0353945883921627,0.2853220566402565,1.1412882265610262,0.2629441624365482,0.0,0.0,0.0
s1,1000,0.015,25,15,,0.2,-1,nan,nan,nan,0,,,,0,,f=0.2,1.0,4,1.3413224793915564,0.00047157211328955923,-8104.65414596186,-1.744818033808522,0.3632505887863233,1.4530023551452933,0.4700507614213198,0.0,0.0,0.0
s1,1000,0.015,26,15,,0.2,-1,nan,nan,nan,0,,,,0,,f=0.2,1.0,4,1.0162864378324903,0.0001014293278861545,-5498.998816595995,-5.504068726149914,0.3174703748959277,1.269881499583711,0.45380710659898477,0.0,0.0,0.0
s1,1000,0.015,27,15,,0.2,-1,nan,nan,nan,0,,,,0,,f=0.2,0.0,-1,0.954451157695647,-4.267413514860088e-05,-12214.137505642255,-29.0577408457295,0.2545592165060956,1.0182368660243823,0.27918781725888325,0.0,0.0,0.0
s1,1000,0.015,28,15,,0.2,-1,nan,nan,nan,0,,,,0,,f=0.2,1.0,3,1.0383981992509894,-0.000262429396726834,-9809.00074400683,-3.7946878337797068,0.32437785934555075,1.297511437382203,0.39390862944162436,0.0,0.0,0.0
s1,1000,0.015,29,15,,0.2,-1,nan,nan,nan,0,,,,0,,f=0.2,1.0,4,1.1054219131277991,0.00036546916943970065,-11255.264795877505,-3.1265742018421157,0.3167057323370016,1.2668229293480064,0.4131979695431472,0.0,0.0,0.0
s1,1000,0.015,30,15,,0.2,-1,nan,nan,nan,0,,,,0,,f=0.2,1.0,11,0.874419313636717,0.00042594160658529566,-8982.865893250331,-2.141058930223116,0.19501389878132058,0.7800555951252823,0.500507614213198,0.0,0.0,0.0
s1,1000,0.015,31,15,,0.2,-1,nan,nan,nan,0,,,,0,,f=0.2,1.0,12,1.2409250434420345,-0.0009846171659267115,-8758.815500658005,-0.9031122740437032,0.3122362821043748,1.2489451284174993,0.483248730964467,0.0,0.0,0.0
s1,1000,0.015,32,15,,0.2,-1,nan,nan,nan,0,,,,0,,f=0.2,1.0,9,0.9297741684486245,0.0006915903689088252,-3333.7952367044054,-0.48938849414947383,0.23909131223337524,0.9563652489335006,0.43147208121827413,0.0,0.0,0.0
s1,1000,0.015,33,15,,0.2,-1,nan,nan,nan,0,,,,0,,f=0.2,1.0,4,0.9935686309257719,0.00042459656439494664,-7517.436524463119,-1.7974510142675288,0.3103176316427958,1.2412705265711832,0.35431472081218274,0.0,0.0,0.0
s1,1000,0.015,34,15,,0.2,-1,nan,nan,nan,0,,,,0,,f=0.2,0.0,-1,0.883701525107028,0.0006086601513168458,-6313.2529152274365,-1.0530332581653492,0.2300446221741673,0.9201784886966693,0.29441624365482233,0.0,0.0,0.0
s1,1000,0.015,35,15,,0.2,-1,nan,nan,nan,0,,,,0,,f=0.2,1.0,4,1.0605220055561644,0.00034527149270577025,-3858.681792582036,-1.1345979980988603,0.33123525079890487,1.3249410031956197,0.36243654822335025,0.0,0.0,0.0
s1,1000,0.015,36,15,,0.2,-1,nan,nan,nan,0,,,,0,,f=0.2,1.0,4,1.3473169562246774,0.0006687510672400748,-7076.994201539084,-1.074355771347495,0.37960758081317963,1.5184303232527183,0.42842639593908627,0.0,0.0,0.0
s1,1000,0.015,37,15,,0.2,-1,nan,nan,nan,0,,,,0,,f=0.2,0.0,-1,0.9899137900404668,-0.0003002309418197362,-8194.928554898244,-2.771108257793028,0.2601484977242528,1.040593990897011,0.3147208121827411,0.0,0.0,0.0
s1,1000,0.015,38,15,,0.2,-1,nan,nan,nan,0,,,,0,,f=0.2,0.0,-1,0.8824469283381179,0.00019416713871553464,-7898.624718618346,-4.129899836204058,0.24401101889558846,0.9760440755823538,0.36852791878172586,0.0,0.0,0.0
s1,1000,0.015,39,15,,0.2,-1,nan,nan,nan,0,,,,0,,f=0.2,1.0,3,0.9842568851409347,0.0004984595606990424,-9923.509539713617,-2.021152721035149,0.30745894286830067,1.2298357714732027,0.3411167512690355,0.0,0.0,0.0
s1,1000,0.015,40,15,,0.2,-1,nan,nan,nan,0,,,,0,,f=0.2,0.0,-1,0.9141941967600314,-0.00015031747816631637,-929.8686156782787,-0.628023476022877,0.24284808680346484,0.9713923472138593,0.29746192893401013,0.0,0.0,0.0
s1,1000,0.015,41,15,,0.2,-1,nan,nan,nan,0,,,,0,,f=0.2,0.0,-1,0.9854218735101679,0.0005598155062664584,-1428.9250011949334,-0.25913631619029454,0.24926176254070573,0.997047050162823,0.3746192893401015,0.0,0.0,0.0
s1,1000,0.015,42,15,,0.2,-1,nan,nan,nan,0,,,,0,,f=0.2,0.0,-1,1.0939229631867504,-0.00031002198047765773,-8779.758338954998,-2.8751058969627707,0.29551769474421996,1.1820707789768798,0.29644670050761424,0.0,0.0,0.0
s1,1000,0.015,43,15,,0.2,-1,nan,nan,nan,0,,,,0,,f=0.2,0.0,-1,0.8356923775058898,0.0009712366506614283,-11832.371323741972,-1.2368313851577002,0.26100385113002084,1.0440154045200831,0.27106598984771574,0.0,0.0,0.0
s1,1000,0.015,44,15,,0.2,-1,nan,nan,nan,0,,,,0,,f=0.2,0.0,-1,0.8988581261891306,0.00031459273553930865,-6966.279948649928,-2.2481019525060684,0.23929349265869235,0.9571739706347693,0.3065989847715736,0.0,0.0,0.0
s1,1000,0.015,45,15,,0.2,-1,nan,nan,nan,0,,,,0,,f=0.2,1.0,11,1.0676756426103835,-0.0006592789754447371,-1802.5915795175824,-0.2775823711765863,0.28429449418913644,1.1371779767565457,0.4263959390862944,0.0,0.0,0.0
s1,1000,0.015,46,15,,0.2,-1,nan,nan,nan,0,,,,0,,f=0.2,1.0,4,1.0646486986305768,2.9460837989478243e-05,-5350.598722147988,-18.438307569195615,0.3226357139476353,1.290542855790541,0.44263959390862945,0.0,0.0,0.0
s1,1000,0.015,47,15,,0.2,-1,nan,nan,nan,0,,,,0,,f=0.2,1.0,4,1.1375253642628427,-0.0015516118386043661,-8558.283932608203,-0.5599733717787725,0.3552547445732705,1.4210189782930822,0.37766497461928933,0.0,0.0,0.0
s1,1000,0.015,48,15,,0.2,-1,nan,nan,nan,0,,,,0,,f=0.2,1.0,7,1.3495684341113792,-9.758700597804361e-05,-9115.676023931126,-9.483325502775424,0.38843896811280487,1.5537558724512195,0.3928934010152284,0.0,0.0,0.0
s1,1000,0.015,49,15,,0.2,-1,nan,nan,nan,0,,,,0,,f=0.2,0.0,-1,0.8938825429665419,0.0004318698043096338,-5900.245907750796,-1.3870146299879427,0.23601030094541686,0.9440412037816674,0.27614213197969545,0.0,0.0,0.0
s1,1000,0.015,50,15,,0.2,-1,nan,nan,nan,0,,,,0,,f=0.2,1.0,4,1.0762102007243415,0.00031601124076541454,-7250.2552061022725,-2.329241569392222,0.3361535628960746,1.3446142515842983,0.31573604060913707,0.0,0.0,0.0
s1,1000,0.015,1,15,,0.4,-1,nan,nan,nan,0,,,,0,,f=0.4,0.0,-1,0.9724309152656729,3.7796483369648156e-05,-1985.1128192284377,-5.332091200056144,0.24516403848948592,0.9806561539579437,0.3746192893401015,0.0,0.0,0.0
s1,1000,0.015,2,15,,0.4,-1,nan,nan,nan,0,,,,0,,f=0.4,0.0,-1,0.927444893525575,-0.00015481691506365078,-5214.885631061392,-3.4197168512759566,0.24080495692823414,0.9632198277129365,0.31370558375634516,0.0,0.0,0.0
s1,1000,0.015,3,15,,0.4,-1,nan,nan,nan,0,,,,0,,f=0.4,0.0,-1,0.8903592924749618,0.0005956947494725588,-10878.608918184764,-1.854015504277046,0.26991731353960086,1.0796692541584036,0.38781725888324875,0.0,0.0,0.0
s1,1000,0.015,4,15,,0.4,-1,nan,nan,nan,0,,,,0,,f=0.4,0.0,-1,0.9475363734163448,1.2955438227293455e-05,-6023.288006426999,-47.20035785136011,0.2931059479037785,1.1724237916151141,0.24467005076142131,0.0,0.0,0.0
s1,1000,0.015,5,15,,0.4,-1,nan,nan,nan,0,,,,0,,f=0.4,1.0,4,1.0202725716798529,0.0007232401555683937,-10985.084615167463,-1.5420009635551926,0.31867337355966285,1.2746934942386514,0.3350253807106599,0.0,0.0,0.0
s1,1000,0.015,6,15,,0.4,-1,nan,nan,nan,0,,,,0,,f=0.4,1.0,21,1.1052756307993785,-0.0012258735291848933,-4180.510795432259,-0.34621625276466816,0.3042215276636786,1.2168861106547144,0.2629441624365482,0.0,0.0,0.0
s1,1000,0.015,7,15,,0.4,-1,nan,nan,nan,0,,,,0,,f=0.4,1.0,4,0.9711355456395899,0.00021220793144049378,-2469.6981210842496,-1.181533470554778,0.3032540807093838,1.213016322837535,0.43451776649746193,0.0,0.0,0.0
s1,1000,0.015,8,15,,0.4,-1,nan,nan,nan,0,,,,0,,f=0.4,1.0,12,0.9903694631986312,0.0006762383282392612,-7930.329805442947,-1.1905708258423475,0.25842412236765716,1.0336964894706284,0.4071065989847716,0.0,0.0,0.0
s1,1000,0.015,9,15,,0.4,-1,nan,nan,nan,0,,,,0,,f=0.4,1.0,4,1.2064929118447092,0.0004308730901524349,-10196.684299932676,-2.4025551822265103,0.3768651276916928,1.5074605107667711,0.4588832487309645,0.0,0.0,0.0
s1,1000,0.015,10,15,,0.4,-1,nan,nan,nan,0,,,,0,,f=0.4,1.0,4,1.174737126170974,0.00034096123235139445,-8763.050743760425,-2.609240398288722,0.3414748443575606,1.3658993774302424,0.41725888324873095,0.0,0.0,0.0
s1,1000,0.015,11,15,,0.4,-1,nan,nan,nan,0,,,,0,,f=0.4,0.0,-1,0.8701702443257141,0.0007659113834822919,-11469.765467296122,-1.5203367122644087,0.23187126356851331,0.9274850542740531,0.25583756345177666,0.0,0.0,0.0
s1,1000,0.015,12,15,,0.4,-1,nan,nan,nan,0,,,,0,,f=0.4,1.0,3,1.2201550477644405,0.0004726805962871779,-13170.045636598836,-2.8286764492197616,0.381154367064018,1.5246174682560723,0.3847715736040609,0.0,0.0,0.0
s1,1000,0.015,13,15,,0.4,-1,nan,nan,nan,0,,,,0,,f=0.4,0.0,-1,0.9092865677359285,0.0007010298330894657,-2805.6903917812742,-0.4063188907167083,0.28403831861968426,1.1361532744787368,0.31675126903553297,0.0,0.0,0.0
s1,1000,0.015,14,15,,0.4,-1,nan,nan,nan,0,,,,0,,f=0.4,0.0,-1,0.9973406481337077,7.373827390675315e-05,-6295.4626134797,-8.66759182700658,0.25734768377645434,1.0293907351058174,0.3472081218274112,0.0,0.0,0.0
s1,1000,0.015,15,15,,0.4,-1,nan,nan,nan,0,,,,0,,f=0.4,1.0,3,1.390339600872549,-0.00018109210948407802,-4679.057143538143,-2.6231467701073763,0.4342593724190242,1.7370374896760965,0.29949238578680204,0.0,0.0,0.0
s1,1000,0.015,16,15,,0.4,-1,nan,nan,nan,0,,,,0,,f=0.4,1.0,3,1.0482421142272467,0.0005011728840253226,-9972.480652499711,-2.0201304106448186,0.3199400004701907,1.2797600018807627,0.28223350253807106,0.0,0.0,0.0
s1,1000,0.015,17,15,,0.4,-1,nan,nan,nan,0,,,,0,,f=0.4,0.0,-1,1.0774147505905456,0.0005371868347212067,-14081.816084599006,-2.6613198724023186,0.2907087781993435,1.162835112797374,0.32893401015228424,0.0,0.0,0.0
s1,1000,0.015,18,15,,0.4,-1,nan,nan,nan,0,,,,0,,f=0.4,0.0,-1,0.930679169433525,-0.0005437417634024384,-5173.06459871761,-0.9658706734861536,0.2538307146251179,1.0153228585004719,0.2365482233502538,0.0,0.0,0.0
s1,1000,0.015,19,15,,0.4,-1,nan,nan,nan,0,,,,0,,f=0.4,0.0,-1,0.8622108273983711,0.0006976276906401978,-6861.189281598199,-0.998480205275306,0.2693079992932718,1.0772319971730875,0.3553299492385787,0.0,0.0,0.0
s1,1000,0.015,20,15,,0.4,-1,nan,nan,nan,0,,,,0,,f=0.4,1.0,3,1.042026126334363,-4.1295945118677795e-05,-9268.9862879531,-22.787075913533307,0.32551293717756913,1.3020517487102765,0.36548223350253806,0.0,0.0,0.0
s1,1000,0.015,21,15,,0.4,-1,nan,nan,nan,0,,,,0,,f=0.4,1.0,8,1.0206948131569744,0.0003865691325144114,-4786.536043620203,-1.257065566472983,0.24436421687366508,0.9774568674946602,0.516751269035533,0.0,0.0,0.0
s1,1000,0.015,22,15,,0.4,-1,nan,nan,nan,0,,,,0,,f=0.4,0.0,-1,0.9281898862331535,0.0007692809558780817,-3506.9703930728137,-0.4628186888511408,0.2899235587505149,1.1596942350020596,0.3553299492385787,0.0,0.0,0.0
s1,1000,0.015,23,15,,0.4,-1,nan,nan,nan,0,,,,0,,f=0.4,0.0,-1,1.0353439982620922,-0.00017451331054612162,-11617.769143132027,-6.758618840306763,0.26888493843003597,1.075539753720144,0.3725888324873096,0.0,0.0,0.0
s1,1000,0.015,24,15,,0.4,-1,nan,nan,nan,0,,,,0,,f=0.4,0.0,-1,0.9134745070544159,0.00044595752812581616,-13518.393114522449,-3.0774807248430065,0.2853220566402565,1.1412882265610262,0.2629441624365482,0.0,0.0,0.0
s1,1000,0.015,25,15,,0.4,-1,nan,nan,nan,0,,,,0,,f=0.4,1.0,4,1.3413224793915564,0.00047157211328955923,-8104.65414596186,-1.744818033808522,0.3632505887863233,1.4530023551452933,0.4700507614213198,0.0,0.0,0.0
s1,1000,0.015,26,15,,0.4,-1,nan,nan,nan,0,,,,0,,f=0.4,1.0,4,1.0162864378324903,0.000122741483319078,-5509.070019535371,-4.556702701969557,0.3174703748959277,1.269881499583711,0.45380710659898477,0.0,0.0,0.0
s1,1000,0.015,27,15,,0.4,-1,nan,nan,nan,0,,,,0,,f=0.4,0.0,-1,0.9544610991454994,-4.3336152514527896e-05,-12213.95732636482,-28.613423105236624,0.25456087538273314,1.0182435015309323,0.27918781725888325,0.0,0.0,0.0
s1,1000,0.015,28,15,,0.4,-1,nan,nan,nan,0,,,,0,,f=0.4,1.0,3,1.0383981992509894,-0.00026011898123711195,-9808.1693821667,-3.8280683402358555,0.32437785934555075,1.297511437382203,0.39390862944162436,0.0,0.0,0.0
s1,1000,0.015,29,15,,0.4,-1,nan,nan,nan,0,,,,0,,f=0.4,1.0,4,1.1054219131277991,0.00011360287099282451,-11188.918278988334,-9.999138048339969,0.3167057323370016,1.2668229293480064,0.4131979695431472,0.0,0.0,0.0
s1,1000,0.015,30,15,,0.4,-1,nan,nan,nan,0,,,,0,,f=0.4,1.0,11,0.874419313636717,0.00042594160658529566,-8982.865893250331,-2.141058930223116,0.19501389878132058,0.7800555951252823,0.500507614213198,0.0,0.0,0.0
s1,1000,0.015,31,15,,0.4,-1,nan,nan,nan,0,,,,0,,f=0.4,1.0,12,1.2409250434420345,-0.0009846171659267115,-8758.815500658005,-0.9031122740437032,0.3122362821043748,1.2489451284174993,0.483248730964467,0.0,0.0,0.0
s1,1000,0.015,32,15,,0.4,-1,nan,nan,nan,0,,,,0,,f=0.4,1.0,9,0.9295328183984742,0.0006998108259586589,-3323.8031208012253,-0.4821902272458246,0.23909131223337524,0.9563652489335006,0.43147208121827413,0.0,0.0,0.0
s1,1000,0.015,33,15,,0.4,-1,nan,nan,nan,0,,,,0,,f=0.4,1.0,4,0.9935686309257719,0.00042459656439494664,-7517.436524463119,-1.7974510142675288,0.3103176316427958,1.2412705265711832,0.35431472081218274,0.0,0.0,0.0
s1,1000,0.015,34,15,,0.4,-1,nan,nan,nan,0,,,,0,,f=0.4,0.0,-1,0.8807152329314766,0.0006431216004309315,-6127.064359308337,-0.967215205298533,0.22910110065373615,0.9164044026149447,0.29441624365482233,0.0,0.0,0.0
s1,1000,0.015,35,15,,0.4,-1,nan,nan,nan,0,,,,0,,f=0.4,1.0,4,1.0605220055561644,0.0003666643834174587,-3848.9195681377314,-1.0656973333666173,0.33123525079890487,1.3249410031956197,0.36243654822335025,0.0,0.0,0.0
s1,1000,0.015,36,15,,0.4,-1,nan,nan,nan,0,,,,0,,f=0.4,1.0,4,1.3473169562246774,0.0006928514804560597,-6880.068930702517,-1.0081297003818241,0.37960758081317963,1.5184303232527183,0.42842639593908627,0.0,0.0,0.0
s1,1000,0.015,37,15,,0.4,-1,nan,nan,nan,0,,,,0,,f=0.4,0.0,-1,0.9891619376267824,-0.00030522490479165527,-8192.924772408674,-2.725102045637584,0.259913415036232,1.039653660144928,0.3147208121827411,0.0,0.0,0.0
s1,1000,0.015,38,15,,0.4,-1,nan,nan,nan,0,,,,0,,f=0.4,0.0,-1,0.8821512340188036,0.00022695478761861773,-7885.596910310211,-3.5274347928275147,0.24401101889558846,0.9760440755823538,0.36852791878172586,0.0,0.0,0.0
s1,1000,0.015,39,15,,0.4,-1,nan,nan,nan,0,,,,0,,f=0.4,1.0,3,0.9842568851409347,0.0004811496878023907,-9860.709031334263,-2.0806149035975676,0.30745894286830067,1.2298357714732027,0.3411167512690355,0.0,0.0,0.0
s1,1000,0.015,40,15,,0.4,-1,nan,nan,nan,0,,,,0,,f=0.4,0.0,-1,0.9218341110882707,-0.0003302226611241925,-767.8003982113441,-0.2360506657564367,0.24284808680346484,0.9713923472138593,0.29746192893401013,0.0,0.0,0.0
s1,1000,0.015,41,15,,0.4,-1,nan,nan,nan,0,,,,0,,f=0.4,0.0,-1,0.9861960251503509,0.0005049785825818172,-1156.1598616580013,-0.2324388394874201,0.24950126092627398,0.998005043705096,0.3746192893401015,0.0,0.0,0.0
s1,1000,0.015,42,15,,0.4,-1,nan,nan,nan,0,,,,0,,f=0.4,0.0,-1,1.0939229631867504,-0.00031002198047765773,-8779.758338954998,-2.8751058969627707,0.29551769474421996,1.1820707789768798,0.29644670050761424,0.0,0.0,0.0
s1,1000,0.015,43,15,,0.4,-1,nan,nan,nan,0,,,,0,,f=0.4,0.0,-1,0.8356923775058898,0.0009637859936892457,-11752.6574848257,-1.2379959910620135,0.26100385113002084,1.0440154045200831,0.27106598984771574,0.0,0.0,0.0
s1,1000,0.015,44,15,,0.4,-1,nan,nan,nan,0,,,,0,,f=0.4,0.0,-1,0.9302417479221744,0.00019449780657736178,-6706.665696911281,-3.5007066566227083,0.2427238280071859,0.9708953120287436,0.3065989847715736,0.0,0.0,0.0
s1,1000,0.015,45,15,,0.4,-1,nan,nan,nan,0,,,,0,,f=0.4,1.0,11,1.066599996975375,-0.0006693402191879331,-1797.0948043109383,-0.27257613960183247,0.28429449418913644,1.1371779767565457,0.4263959390862944,0.0,0.0,0.0
s1,1000,0.015,46,15,,0.4,-1,nan,nan,nan,0,,,,0,,f=0.4,1.0,4,1.0646545304903328,9.06727154630468e-05,-5397.6566812635865,-6.043553974048615,0.3226357139476353,1.290542855790541,0.44263959390862945,0.0,0.0,0.0
s1,1000,0.015,47,15,,0.4,-1,nan,nan,nan,0,,,,0,,f=0.4,1.0,4,1.1375253642628427,-0.0016009261108133092,-8516.33841391839,-0.5400642033519751,0.3552547445732705,1.4210189782930822,0.37766497461928933,0.0,0.0,0.0
s1,1000,0.015,48,15,,0.4,-1,nan,nan,nan,0,,,,0,,f=0.4,1.0,7,1.3495684341113792,-9.421159572842611e-05,-9120.42302927922,-9.828209201308166,0.38843896811280487,1.5537558724512195,0.3928934010152284,0.0,0.0,0.0
s1,1000,0.015,49,15,,0.4,-1,nan,nan,nan,0,,,,0,,f=0.4,0.0,-1,0.890367815958076,0.0004935846403859518,-5944.389099613181,-1.222670297594055,0.23491185606268628,0.9396474242507451,0.27614213197969545,0.0,0.0,0.0
s1,1000,0.015,50,15,,0.4,-1,nan,nan,nan,0,,,,0,,f=0.4,1.0,4,1.0762102007243415,0.00036351706241971344,-7280.520892139524,-2.0332998180249198,0.3361535628960746,1.3446142515842983,0.31573604060913707,0.0,0.0,0.0
s1,1000,0.015,1,15,,0.6,-1,nan,nan,nan,0,,,,0,,f=0.6,0.0,-1,0.977147248821011,8.321010390495135e-05,-1957.965779468068,-2.388871572011321,0.24662863733970267,0.9865145493588106,0.3746192893401015,0.0,0.0,0.0
s1,1000,0.015,2,15,,0.6,-1,nan,nan,nan,0,,,,0,,f=0.6,0.0,-1,0.9269661870219417,-0.00018809232111623143,-5277.404603375122,-2.8484794802592615,0.24065650951518644,0.9626260380607459,0.31370558375634516,0.0,0.0,0.0
s1,1000,0.015,3,15,,0.6,-1,nan,nan,nan,0,,,,0,,f=0.6,0.0,-1,0.8747364951711413,0.0006166761274068489,-10380.758038716041,-1.7089749675829005,0.26991731353960086,1.0796692541584036,0.38781725888324875,0.0,0.0,0.0
s1,1000,0.015,4,15,,0.6,-1,nan,nan,nan,0,,,,0,,f=0.6,0.0,-1,0.9441735720313339,1.7829712529283793e-05,-6018.213266519597,-34.26786143774851,0.2931059479037785,1.1724237916151141,0.24467005076142131,0.0,0.0,0.0
s1,1000,0.015,5,15,,0.6,-1,nan,nan,nan,0,,,,0,,f=0.6,1.0,4,1.0202725716798529,0.0007344819984689053,-10992.405698745511,-1.5194113352140401,0.31867337355966285,1.2746934942386514,0.3350253807106599,0.0,0.0,0.0
s1,1000,0.015,6,15,,0.6,-1,nan,nan,nan,0,,,,0,,f=0.6,1.0,21,1.104749051888629,-0.0012110808362100784,-4151.200495031546,-0.3479880632422023,0.30405570952013605,1.2162228380805442,0.2629441624365482,0.0,0.0,0.0
s1,1000,0.015,7,15,,0.6,-1,nan,nan,nan,0,,,,0,,f=0.6,1.0,4,0.9711355456395899,-5.683342570845548e-05,-1846.7326146982377,-3.2988605262188435,0.3032540807093838,1.213016322837535,0.43451776649746193,0.0,0.0,0.0
s1,1000,0.015,8,15,,0.6,-1,nan,nan,nan,0,,,,0,,f=0.6,1.0,12,1.0745859814129064,0.00035452019670949823,-7927.2494967198,-2.270101705601142,0.2720341552290272,1.0881366209161087,0.4071065989847716,0.0,0.0,0.0
s1,1000,0.015,9,15,,0.6,-1,nan,nan,nan,0,,,,0,,f=0.6,1.0,4,1.2064929118447092,0.0004308730901524349,-10196.684299932676,-2.4025551822265103,0.3768651276916928,1.5074605107667711,0.4588832487309645,0.0,0.0,0.0
s1,1000,0.015,10,15,,0.6,-1,nan,nan,nan,0,,,,0,,f=0.6,1.0,4,1.174737126170974,0.000368531400705995,-8791.448848530184,-2.4218638528861995,0.3414748443575606,1.3658993774302424,0.41725888324873095,0.0,0.0,0.0
s1,1000,0.015,11,15,,0.6,-1,nan,nan,nan,0,,,,0,,f=0.6,0.0,-1,0.8856282106126838,0.0007637920860581214,-11461.216459421557,-1.523418867919031,0.23669651984641948,0.9467860793856777,0.25583756345177666,0.0,0.0,0.0
s1,1000,0.015,12,15,,0.6,-1,nan,nan,nan,0,,,,0,,f=0.6,1.0,3,1.2201550477644405,0.00046766422012773566,-13170.04169982567,-2.8590172467825163,0.381154367064018,1.5246174682560723,0.3847715736040609,0.0,0.0,0.0
s1,1000,0.015,13,15,,0.6,-1,nan,nan,nan,0,,,,0,,f=0.6,0.0,-1,0.9092865677359285,0.0007019923006243966,-2560.5060174943646,-0.3703029922986303,0.28403831861968426,1.1361532744787368,0.31675126903553297,0.0,0.0,0.0
s1,1000,0.015,14,15,,0.6,-1,nan,nan,nan,0,,,,0,,f=0.6,0.0,-1,1.0036519745552073,0.00011417589946522326,-6323.611096390057,-5.622823881920381,0.25931701950833214,1.0372680780333283,0.3472081218274112,0.0,0.0,0.0
s1,1000,0.015,15,15,,0.6,-1,nan,nan,nan,0,,,,0,,f=0.6,1.0,3,1.390339600872549,-0.00018109210948407802,-4679.057143538143,-2.6231467701073763,0.4342593724190242,1.7370374896760965,0.29949238578680204,0.0,0.0,0.0
s1,1000,0.015,16,15,,0.6,-1,nan,nan,nan,0,,,,0,,f=0.6,1.0,3,1.0482421142272467,0.0005011728840253226,-9972.480652499711,-2.0201304106448186,0.3199400004701907,1.2797600018807627,0.28223350253807106,0.0,0.0,0.0
s1,1000,0.015,17,15,,0.6,-1,nan,nan,nan,0,,,,0,,f=0.6,0.0,-1,1.0774147505905456,0.0005415816147338013,-14081.468537172419,-2.6396588723500556,0.2907087781993435,1.162835112797374,0.32893401015228424,0.0,0.0,0.0
s1,1000,0.015,18,15,,0.6,-1,nan,nan,nan,0,,,,0,,f=0.6,0.0,-1,0.930679169433525,-0.0005502047435107267,-5172.866049596341,-0.9544884375185846,0.2538307146251179,1.0153228585004719,0.2365482233502538,0.0,0.0,0.0
s1,1000,0.015,19,15,,0.6,-1,nan,nan,nan,0,,,,0,,f=0.6,0.0,-1,0.8622108273983711,0.0006899573125472755,-6895.237790051498,-1.0145905092846077,0.2693079992932718,1.0772319971730875,0.3553299492385787,0.0,0.0,0.0
s1,1000,0.015,20,15,,0.6,-1,nan,nan,nan,0,,,,0,,f=0.6,1.0,3,1.042026126334363,-3.711816919825706e-05,-9270.458473090432,-25.355865256539744,0.32551293717756913,1.3020517487102765,0.36548223350253806,0.0,0.0,0.0
s1,1000,0.015,21,15,,0.6,-1,nan,nan,nan,0,,,,0,,f=0.6,1.0,8,1.0320935557483555,0.00019442016465466487,-4737.135663983412,-2.473650196887933,0.24436421687366508,0.9774568674946602,0.516751269035533,0.0,0.0,0.0
s1,1000,0.015,22,15,,0.6,-1,nan,nan,nan,0,,,,0,,f=0.6,0.0,-1,0.9281898862331535,0.0008000808711244068,-3452.9904772869777,-0.43815246872351854,0.2899235587505149,1.1596942350020596,0.3553299492385787,0.0,0.0,0.0
s1,1000,0.015,23,15,,0.6,-1,nan,nan,nan,0,,,,0,,f=0.6,0.0,-1,1.009021318467392,-0.00017270969104967292,-11603.853134171222,-6.821019414681273,0.26888493843003597,1.075539753720144,0.3725888324873096,0.0,0.0,0.0
s1,1000,0.015,24,15,,0.6,-1,nan,nan,nan,0,,,,0,,f=0.6,0.0,-1,0.9134745070544159,0.00045473891793925146,-13520.132596479729,-3.0184403399627686,0.2853220566402565,1.1412882265610262,0.2629441624365482,0.0,0.0,0.0
s1,1000,0.015,25,15,,0.6,-1,nan,nan,nan,0,,,,0,,f=0.6,1.0,4,1.3413224793915564,0.00047157211328955923,-8104.65414596186,-1.744818033808522,0.3632505887863233,1.4530023551452933,0.4700507614213198,0.0,0.0,0.0
s1,1000,0.015,26,15,,0.6,-1,nan,nan,nan,0,,,,0,,f=0.6,1.0,4,1.0162864378324903,0.00011290392896188848,-5432.0333128421335,-4.8844665398567155,0.3174703748959277,1.269881499583711,0.45380710659898477,0.0,0.0,0.0
s1,1000,0.015,27,15,,0.6,-1,nan,nan,nan,0,,,,0,,f=0.6,0.0,-1,0.9499994842335784,-9.13587685504238e-07,-12152.749685990158,-1350.4797772401998,0.25316233106811936,1.0126493242724774,0.27918781725888325,0.0,0.0,0.0
s1,1000,0.015,28,15,,0.6,-1,nan,nan,nan,0,,,,0,,f=0.6,1.0,3,1.0383981992509894,-0.00026331188168452326,-9808.131706235581,-3.781634939640075,0.32437785934555075,1.297511437382203,0.39390862944162436,0.0,0.0,0.0
s1,1000,0.015,29,15,,0.6,-1,nan,nan,nan,0,,,,0,,f=0.6,1.0,4,1.1054219131277991,0.00011679134513861334,-11188.404843312572,-9.725709237680066,0.3167057323370016,1.2668229293480064,0.4131979695431472,0.0,0.0,0.0
s1,1000,0.015,30,15,,0.6,-1,nan,nan,nan,0,,,,0,,f=0.6,1.0,11,0.8759555798511582,0.00043438052255206455,-8986.908670884673,-2.1004084378605397,0.19549127971911529,0.7819651188764611,0.500507614213198,0.0,0.0,0.0
s1,1000,0.015,31,15,,0.6,-1,nan,nan,nan,0,,,,0,,f=0.6,1.0,12,1.2400733564909874,-0.0009833302555146254,-8756.790375287179,-0.9040851192287637,0.3119708506408395,1.247883402563358,0.483248730964467,0.0,0.0,0.0
s1,1000,0.015,32,15,,0.6,-1,nan,nan,nan,0,,,,0,,f=0.6,1.0,9,0.9297733202083851,0.0007238835574412331,-3331.9914416661486,-0.4673033933861774,0.23909131223337524,0.9563652489335006,0.43147208121827413,0.0,0.0,0.0
s1,1000,0.015,33,15,,0.6,-1,nan,nan,nan,0,,,,0,,f=0.6,1.0,4,0.9935686309257719,0.00043034699168737015,-7506.263401468517,-1.7707970843031597,0.3103176316427958,1.2412705265711832,0.35431472081218274,0.0,0.0,0.0
s1,1000,0.015,34,15,,0.6,-1,nan,nan,nan,0,,,,0,,f=0.6,0.0,-1,0.8816402496727528,0.0006376138932412954,-6120.428528492339,-0.9745134304184044,0.22938854803425227,0.917554192137009,0.29441624365482233,0.0,0.0,0.0
s1,1000,0.015,35,15,,0.6,-1,nan,nan,nan,0,,,,0,,f=0.6,1.0,4,1.0605220055561644,0.000385955556430263,-3824.346034668619,-1.0059668120030558,0.33123525079890487,1.3249410031956197,0.36243654822335025,0.0,0.0,0.0
s1,1000,0.015,36,15,,0.6,-1,nan,nan,nan,0,,,,0,,f=0.6,1.0,4,1.3473169562246774,0.0006900481035583062,-6879.528338958975,-1.0121457756194594,0.37960758081317963,1.5184303232527183,0.42842639593908627,0.0,0.0,0.0
s1,1000,0.015,37,15,,0.6,-1,nan,nan,nan,0,,,,0,,f=0.6,0.0,-1,0.989255740305741,-0.00033676036397950145,-8166.966042917571,-2.4620878734662988,0.2599424181489513,1.0397696725958054,0.3147208121827411,0.0,0.0,0.0
s1,1000,0.015,38,15,,0.6,-1,nan,nan,nan,0,,,,0,,f=0.6,0.0,-1,0.888403083233737,0.000224563545867952,-7825.20067561965,-3.537691808987211,0.24401101889558846,0.9760440755823538,0.36852791878172586,0.0,0.0,0.0
s1,1000,0.015,39,15,,0.6,-1,nan,nan,nan,0,,,,0,,f=0.6,1.0,3,0.9842568851409347,0.0005400300602705648,-9845.077239781618,-1.850823316924671,0.30745894286830067,1.2298357714732027,0.3411167512690355,0.0,0.0,0.0
s1,1000,0.015,40,15,,0.6,-1,nan,nan,nan,0,,,,0,,f=0.6,0.0,-1,0.9327102722787882,-0.0003076274011520489,-788.4082381766057,-0.26018958389406105,0.24480915386569785,0.9792366154627914,0.29746192893401013,0.0,0.0,0.0
s1,1000,0.015,41,15,,0.6,-1,nan,nan,nan,0,,,,0,,f=0.6,0.0,-1,0.9861329907033802,0.00053796356426013,-1173.0471495299134,-0.22137387935247527,0.24947657717749142,0.9979063087099656,0.3746192893401015,0.0,0.0,0.0
s1,1000,0.015,42,15,,0.6,-1,nan,nan,nan,0,,,,0,,f=0.6,0.0,-1,1.0940376316187375,-0.0002911404109973139,-8792.528258864186,-3.0660204805340023,0.29555235231288657,1.1822094092515463,0.29644670050761424,0.0,0.0,0.0
s1,1000,0.015,43,15,,0.6,-1,nan,nan,nan,0,,,,0,,f=0.6,0.0,-1,0.8356923775058898,0.0009525190589310327,-11739.282980393618,-1.2512142067347938,0.26100385113002084,1.0440154045200831,0.27106598984771574,0.0,0.0,0.0
s1,1000,0.015,44,15,,0.6,-1,nan,nan,nan,0,,,,0,,f=0.6,0.0,-1,0.9298669375826211,0.0002139045334635728,-6524.470023712376,-3.0966278872107242,0.24259604226392412,0.9703841690556965,0.3065989847715736,0.0,0.0,0.0
s1,1000,0.015,45,15,,0.6,-1,nan,nan,nan,0,,,,0,,f=0.6,1.0,11,1.066599996975375,-0.0006753827309701119,-1796.9213318791008,-0.270111380180025,0.28429449418913644,1.1371779767565457,0.4263959390862944,0.0,0.0,0.0
s1,1000,0.015,46,15,,0.6,-1,nan,nan,nan,0,,,,0,,f=0.6,1.0,4,1.0330567100140513,0.00014081105184925692,-5269.037205657805,-3.798903765485833,0.3226357139476353,1.290542855790541,0.44263959390862945,0.0,0.0,0.0
s1,1000,0.015,47,15,,0.6,-1,nan,nan,nan,0,,,,0,,f=0.6,1.0,4,1.1375253642628427,-0.00159894360970025,-8516.41069895029,-0.5407384087833909,0.3552547445732705,1.4210189782930822,0.37766497461928933,0.0,0.0,0.0
s1,1000,0.015,48,15,,0.6,-1,nan,nan,nan,0,,,,0,,f=0.6,1.0,7,1.3495684341113792,-9.421159572842611e-05,-9120.42302927922,-9.828209201308166,0.38843896811280487,1.5537558724512195,0.3928934010152284,0.0,0.0,0.0
s1,1000,0.015,49,15,,0.6,-1,nan,nan,nan,0,,,,0,,f=0.6,0.0,-1,0.8903805969754762,0.0004995702679912905,-5943.982692523161,-1.2079382185250847,0.23491396921505003,0.9396558768601999,0.27614213197969545,0.0,0.0,0.0
s1,1000,0.015,50,15,,0.6,-1,nan,nan,nan,0,,,,0,,f=0.6,1.0,4,1.0762102007243415,0.00038356248048526534,-7288.193555129808,-1.9290680529759745,0.3361535628960746,1.3446142515842983,0.31573604060913707,0.0,0.0,0.0
s1,1000,0.015,1,15,,0.8,-1,nan,nan,nan,0,,,,0,,f=0.8,0.0,-1,0.9777619329214701,8.651643145224316e-05,-1940.0417104095686,-2.2765449981473154,0.24681929567348482,0.9872771826939393,0.3746192893401015,0.0,0.0,0.0
s1,1000,0.015,2,15,,0.8,-1,nan,nan,nan,0,,,,0,,f=0.8,0.0,-1,0.9310131372509262,-0.00014994257702553634,-5177.083587788511,-3.5052901773561285,0.24191372131987748,0.9676548852795099,0.31370558375634516,0.0,0.0,0.0
s1,1000,0.015,3,15,,0.8,-1,nan,nan,nan,0,,,,0,,f=0.8,0.0,-1,0.8696884856273517,0.0006199602220111011,-10200.872844064375,-1.6704646068661972,0.26991731353960086,1.0796692541584036,0.38781725888324875,0.0,0.0,0.0
s1,1000,0.015,4,15,,0.8,-1,nan,nan,nan,0,,,,0,,f=0.8,0.0,-1,0.9441735720313339,1.7829712529283793e-05,-6018.213266519597,-34.26786143774851,0.2931059479037785,1.1724237916151141,0.24467005076142131,0.0,0.0,0.0
s1,1000,0.015,5,15,,0.8,-1,nan,nan,nan,0,,,,0,,f=0.8,1.0,4,1.0202725716798529,0.0007514713675922095,-10797.644234711071,-1.4587482421735518,0.31867337355966285,1.2746934942386514,0.3350253807106599,0.0,0.0,0.0
s1,1000,0.015,6,15,,0.8,-1,nan,nan,nan,0,,,,0,,f=0.8,1.0,21,1.1003632182213763,-0.0013423655181408383,-3797.9020309292246,-0.28723459075486185,0.30266986350650965,1.2106794540260388,0.2629441624365482,0.0,0.0,0.0
s1,1000,0.015,7,15,,0.8,-1,nan,nan,nan,0,,,,0,,f=0.8,1.0,4,0.9711355456395899,0.00022814475689707372,-2255.912765619578,-1.0038656150926653,0.3032540807093838,1.213016322837535,0.43451776649746193,0.0,0.0,0.0
s1,1000,0.015,8,15,,0.8,-1,nan,nan,nan,0,,,,0,,f=0.8,1.0,12,0.9886823674958156,0.0007353948625532655,-7955.312396456022,-1.0982479885297223,0.25842412236765716,1.0336964894706284,0.4071065989847716,0.0,0.0,0.0
s1,1000,0.015,9,15,,0.8,-1,nan,nan,nan,0,,,,0,,f=0.8,1.0,4,1.2064929118447092,0.0004549703736661881,-9906.73179142084,-2.210604538112203,0.3768651276916928,1.5074605107667711,0.4588832487309645,0.0,0.0,0.0
s1,1000,0.015,10,15,,0.8,-1,nan,nan,nan,0,,,,0,,f=0.8,1.0,4,1.174737126170974,0.000370258731456464,-8791.16463912325,-2.4104874468879744,0.3414748443575606,1.3658993774302424,0.41725888324873095,0.0,0.0,0.0
s1,1000,0.015,11,15,,0.8,-1,nan,nan,nan,0,,,,0,,f=0.8,0.0,-1,0.885614830604849,0.0007657054763336472,-11461.013340264326,-1.5195851274373495,0.2366917376208858,0.9467669504835434,0.25583756345177666,0.0,0.0,0.0
s1,1000,0.015,12,15,,0.8,-1,nan,nan,nan,0,,,,0,,f=0.8,1.0,3,1.2201550477644405,0.0004752751859235885,-13162.831655411632,-2.811693365070118,0.381154367064018,1.5246174682560723,0.3847715736040609,0.0,0.0,0.0
s1,1000,0.015,13,15,,0.8,-1,nan,nan,nan,0,,,,0,,f=0.8,0.0,-1,0.9092865677359285,0.0007206230749021553,-2575.2102342735743,-0.36280084899241666,0.28403831861968426,1.1361532744787368,0.31675126903553297,0.0,0.0,0.0
s1,1000,0.015,14,15,,0.8,-1,nan,nan,nan,0,,,,0,,f=0.8,0.0,-1,1.0082566034795704,0.00013394581472321514,-6331.063635547296,-4.798564095049132,0.26075013780873113,1.0430005512349245,0.3472081218274112,0.0,0.0,0.0
s1,1000,0.015,15,15,,0.8,-1,nan,nan,nan,0,,,,0,,f=0.8,1.0,3,1.390339600872549,-0.00018109210948407802,-4679.057143538143,-2.6231467701073763,0.4342593724190242,1.7370374896760965,0.29949238578680204,0.0,0.0,0.0
s1,1000,0.015,16,15,,0.8,-1,nan,nan,nan,0,,,,0,,f=0.8,1.0,3,1.0482421142272467,0.0004978650786947025,-9976.8488013834,-2.034442852584522,0.3199400004701907,1.2797600018807627,0.28223350253807106,0.0,0.0,0.0
s1,1000,0.015,17,15,,0.8,-1,nan,nan,nan,0,,,,0,,f=0.8,0.0,-1,1.0774147505905456,0.0005502475992989192,-14081.8451405979,-2.598155721361743,0.2907087781993435,1.162835112797374,0.32893401015228424,0.0,0.0,0.0
s1,1000,0.015,18,15,,0.8,-1,nan,nan,nan,0,,,,0,,f=0.8,0.0,-1,0.9301038021315354,-0.000546337219991622,-5155.426403025514,-0.9580045515888396,0.25364950528066615,1.0145980211226648,0.2365482233502538,0.0,0.0,0.0
s1,1000,0.015,19,15,,0.8,-1,nan,nan,nan,0,,,,0,,f=0.8,0.0,-1,0.8622108273983711,0.000706924396073493,-6922.492034889525,-0.9941530854437625,0.2693079992932718,1.0772319971730875,0.3553299492385787,0.0,0.0,0.0
s1,1000,0.015,20,15,,0.8,-1,nan,nan,nan,0,,,,0,,f=0.8,1.0,3,1.042026126334363,-0.00025241544174796284,-9288.354653563933,-3.7358259912484986,0.32551293717756913,1.3020517487102765,0.36548223350253806,0.0,0.0,0.0
s1,1000,0.015,21,15,,0.8,-1,nan,nan,nan,0,,,,0,,f=0.8,1.0,8,1.0432318468278259,0.000243377766092757,-4667.138926539104,-1.9468549589512147,0.24507905131529084,0.9803162052611634,0.516751269035533,0.0,0.0,0.0
s1,1000,0.015,22,15,,0.8,-1,nan,nan,nan,0,,,,0,,f=0.8,0.0,-1,0.9281898862331535,0.0007707980631564172,-3186.9950286849635,-0.41976337286760074,0.2899235587505149,1.1596942350020596,0.3553299492385787,0.0,0.0,0.0
s1,1000,0.015,23,15,,0.8,-1,nan,nan,nan,0,,,,0,,f=0.8,0.0,-1,1.0205780023846496,-0.0001997501591379343,-11635.651504225563,-5.9138096398558,0.27249244914729986,1.0899697965891995,0.3725888324873096,0.0,0.0,0.0
s1,1000,0.015,24,15,,0.8,-1,nan,nan,nan,0,,,,0,,f=0.8,0.0,-1,0.9134745070544159,0.0004563890970625021,-13489.628678501467,-3.000740943218687,0.2853220566402565,1.1412882265610262,0.2629441624365482,0.0,0.0,0.0
s1,1000,0.015,25,15,,0.8,-1,nan,nan,nan,0,,,,0,,f=0.8,1.0,4,1.3413224793915564,0.00047157211328955923,-8104.65414596186,-1.744818033808522,0.3632505887863233,1.4530023551452933,0.4700507614213198,0.0,0.0,0.0
s1,1000,0.015,26,15,,0.8,-1,nan,nan,nan,0,,,,0,,f=0.8,1.0,4,1.0162864378324903,0.00015743399838600214,-5462.825166135444,-3.522755855754809,0.3174703748959277,1.269881499583711,0.45380710659898477,0.0,0.0,0.0
s1,1000,0.015,27,15,,0.8,-1,nan,nan,nan,0,,,,0,,f=0.8,0.0,-1,0.9499994842335784,-9.13587685504238e-07,-12152.749685990158,-1350.4797772401998,0.25316233106811936,1.0126493242724774,0.27918781725888325,0.0,0.0,0.0
s1,1000,0.015,28,15,,0.8,-1,nan,nan,nan,0,,,,0,,f=0.8,1.0,3,1.0383981992509894,-0.00026022627423919246,-9807.886162818526,-3.826379509317474,0.32437785934555075,1.297511437382203,0.39390862944162436,0.0,0.0,0.0
s1,1000,0.015,29,15,,0.8,-1,nan,nan,nan,0,,,,0,,f=0.8,1.0,4,1.1054219131277991,0.00013053773128025726,-11189.424543848843,-8.702328254456065,0.3167057323370016,1.2668229293480064,0.4131979695431472,0.0,0.0,0.0
s1,1000,0.015,30,15,,0.8,-1,nan,nan,nan,0,,,,0,,f=0.8,1.0,11,0.8734366580134713,0.00042260592192695074,-8920.191167071345,-2.1429022102681685,0.19470338255790706,0.7788135302316284,0.500507614213198,0.0,0.0,0.0
s1,1000,0.015,31,15,,0.8,-1,nan,nan,nan,0,,,,0,,f=0.8,1.0,12,1.2400733564909874,-0.0009833302555146254,-8756.790375287179,-0.9040851192287637,0.3119708506408395,1.247883402563358,0.483248730964467,0.0,0.0,0.0
s1,1000,0.015,32,15,,0.8,-1,nan,nan,nan,0,,,,0,,f=0.8,1.0,9,0.925374914478916,0.0008128617756420434,-3269.037796398159,-0.40828837046061894,0.23909131223337524,0.9563652489335006,0.43147208121827413,0.0,0.0,0.0
s1,1000,0.015,33,15,,0.8,-1,nan,nan,nan,0,,,,0,,f=0.8,1.0,4,0.9935686309257719,0.00043717766034969975,-7487.867627415573,-1.7388573932074722,0.3103176316427958,1.2412705265711832,0.35431472081218274,0.0,0.0,0.0
s1,1000,0.015,34,15,,0.8,-1,nan,nan,nan,0,,,,0,,f=0.8,0.0,-1,0.8796378615180344,0.0006370282456401717,-6121.82276981941,-0.9756315422140932,0.22876315704915065,0.9150526281966025,0.29441624365482233,0.0,0.0,0.0
s1,1000,0.015,35,15,,0.8,-1,nan,nan,nan,0,,,,0,,f=0.8,1.0,4,1.0605220055561644,0.00040594147023777975,-3805.6212153553497,-0.9517566253236281,0.33123525079890487,1.3249410031956197,0.36243654822335025,0.0,0.0,0.0
s1,1000,0.015,36,15,,0.8,-1,nan,nan,nan,0,,,,0,,f=0.8,1.0,4,1.3473169562246774,0.0006891348454012029,-6840.446048907004,-1.00772952121368,0.37960758081317963,1.5184303232527183,0.42842639593908627,0.0,0.0,0.0
s1,1000,0.015,37,15,,0.8,-1,nan,nan,nan,0,,,,0,,f=0.8,0.0,-1,0.9901133819801102,-0.0003031959928986309,-8185.783583516721,-2.7409465761276945,0.26020505934693394,1.0408202373877358,0.3147208121827411,0.0,0.0,0.0
s1,1000,0.015,38,15,,0.8,-1,nan,nan,nan,0,,,,0,,f=0.8,0.0,-1,0.8884078872113946,0.0002361124818138589,-7834.471962805721,-3.3686396336779767,0.24401101889558846,0.9760440755823538,0.36852791878172586,0.0,0.0,0.0
s1,1000,0.015,39,15,,0.8,-1,nan,nan,nan,0,,,,0,,f=0.8,1.0,3,0.9842568851409347,0.0005421752265521189,-9845.825869961758,-1.8436405455292082,0.30745894286830067,1.2298357714732027,0.3411167512690355,0.0,0.0,0.0
s1,1000,0.015,40,15,,0.8,-1,nan,nan,nan,0,,,,0,,f=0.8,0.0,-1,0.9355270158387996,-0.0002933109204499476,-786.538294479833,-0.27224217692950514,0.2456835763352729,0.9827343053410917,0.29746192893401013,0.0,0.0,0.0
s1,1000,0.015,41,15,,0.8,-1,nan,nan,nan,0,,,,0,,f=0.8,0.0,-1,0.9875814117470636,0.000559671287628146,-1177.8546811803244,-0.2136596214477047,0.24992382347298675,0.999695293891947,0.3746192893401015,0.0,0.0,0.0
s1,1000,0.015,42,15,,0.8,-1,nan,nan,nan,0,,,,0,,f=0.8,0.0,-1,1.095422649426512,-0.00026774637272496365,-8802.513192194747,-3.3376966139598263,0.2959816068201606,1.1839264272806425,0.29644670050761424,0.0,0.0,0.0
s1,1000,0.015,43,15,,0.8,-1,nan,nan,nan,0,,,,0,,f=0.8,0.0,-1,0.8356923775058898,0.0009692777898877406,-11756.49532387359,-1.2313836520456893,0.26100385113002084,1.0440154045200831,0.27106598984771574,0.0,0.0,0.0
s1,1000,0.015,44,15,,0.8,-1,nan,nan,nan,0,,,,0,,f=0.8,0.0,-1,0.9340360917989581,0.00024358038382557443,-6549.44183192146,-2.7297680627495744,0.2438957634910543,0.9755830539642174,0.3065989847715736,0.0,0.0,0.0
s1,1000,0.015,45,15,,0.8,-1,nan,nan,nan,0,,,,0,,f=0.8,1.0,11,1.0698512398969164,-0.0006723588474435249,-1804.5809943140484,-0.27248275680872264,0.28429449418913644,1.1371779767565457,0.4263959390862944,0.0,0.0,0.0
s1,1000,0.015,46,15,,0.8,-1,nan,nan,nan,0,,,,0,,f=0.8,1.0,4,1.0330567100140513,0.0001564112611149017,-5280.912869767984,-3.4277153860233316,0.3226357139476353,1.290542855790541,0.44263959390862945,0.0,0.0,0.0
s1,1000,0.015,47,15,,0.8,-1,nan,nan,nan,0,,,,0,,f=0.8,1.0,4,1.1375253642628427,-0.00159894360970025,-8516.41069895029,-0.5407384087833909,0.3552547445732705,1.4210189782930822,0.37766497461928933,0.0,0.0,0.0
s1,1000,0.015,48,15,,0.8,-1,nan,nan,nan,0,,,,0,,f=0.8,1.0,7,1.3495684341113792,-9.421159572842611e-05,-9120.42302927922,-9.828209201308166,0.38843896811280487,1.5537558724512195,0.3928934010152284,0.0,0.0,0.0
s1,1000,0.015,49,15,,0.8,-1,nan,nan,nan,0,,,,0,,f=0.8,0.0,-1,0.8900195232616279,0.0005073767184785704,-5907.568131628563,-1.1820666734737801,0.23479795597316994,0.9391918238926797,0.27614213197969545,0.0,0.0,0.0
s1,1000,0.015,50,15,,0.8,-1,nan,nan,nan,0,,,,0,,f=0.8,1.0,4,1.0762102007243415,0.0003925417014820322,-7287.251499656122,-1.8846978154971827,0.3361535628960746,1.3446142515842983,0.31573604060913707,0.0,0.0,0.0
s1,1000,0.015,1,15,,1.0,-1,nan,nan,nan,0,,,,0,,f=1.0,0.0,-1,0.9691096533310692,0.00010632658051014855,-1939.1376738343388,-1.8515292034469353,0.24411132731763238,0.9764453092705296,0.3746192893401015,0.0,0.0,0.0
s1,1000,0.015,2,15,,1.0,-1,nan,nan,nan,0,,,,0,,f=1.0,0.0,-1,0.9310131372509262,-0.00014994257702553634,-5177.083587788511,-3.5052901773561285,0.24191372131987748,0.9676548852795099,0.31370558375634516,0.0,0.0,0.0
s1,1000,0.015,3,15,,1.0,-1,nan,nan,nan,0,,,,0,,f=1.0,0.0,-1,0.8654920996216364,0.0006205629547927434,-10070.84557956236,-1.6475699413333964,0.26991731353960086,1.0796692541584036,0.38781725888324875,0.0,0.0,0.0
s1,1000,0.015,4,15,,1.0,-1,nan,nan,nan,0,,,,0,,f=1.0,0.0,-1,0.9427536370220413,3.877686578099649e-05,-5985.714553556754,-15.671373755123875,0.2931059479037785,1.1724237916151141,0.24467005076142131,0.0,0.0,0.0
s1,1000,0.015,5,15,,1.0,-1,nan,nan,nan,0,,,,0,,f=1.0,1.0,4,1.0202725716798529,0.0007596926164982585,-10514.51119470282,-1.4051249706393716,0.31867337355966285,1.2746934942386514,0.3350253807106599,0.0,0.0,0.0
s1,1000,0.015,6,15,,1.0,-1,nan,nan,nan,0,,,,0,,f=1.0,1.0,21,1.1009606603793247,-0.001333158872217734,-3797.8103115634294,-0.28921121606045913,0.3028531131981449,1.2114124527925796,0.2629441624365482,0.0,0.0,0.0
s1,1000,0.015,7,15,,1.0,-1,nan,nan,nan,0,,,,0,,f=1.0,1.0,4,0.9711355456395899,0.00019902619872714966,-2071.6037655160762,-1.0567206952809536,0.3032540807093838,1.213016322837535,0.43451776649746193,0.0,0.0,0.0
s1,1000,0.015,8,15,,1.0,-1,nan,nan,nan,0,,,,0,,f=1.0,1.0,12,0.9886823674958156,0.0005603457021304799,-7916.882306201616,-1.4343723767538334,0.25842412236765716,1.0336964894706284,0.4071065989847716,0.0,0.0,0.0
s1,1000,0.015,9,15,,1.0,-1,nan,nan,nan,0,,,,0,,f=1.0,1.0,4,1.2064929118447092,0.00044767696705660996,-9901.652459932491,-2.2454671080599917,0.3768651276916928,1.5074605107667711,0.4588832487309645,0.0,0.0,0.0
s1,1000,0.015,10,15,,1.0,-1,nan,nan,nan,0,,,,0,,f=1.0,1.0,4,1.174737126170974,0.00037718419096853376,-8798.393522792147,-2.36817433626259,0.3414748443575606,1.3658993774302424,0.41725888324873095,0.0,0.0,0.0
s1,1000,0.015,11,15,,1.0,-1,nan,nan,nan,0,,,,0,,f=1.0,0.0,-1,0.8835440104906611,0.0007570753188071971,-11452.776396611938,-1.535802828352137,0.23604550489494489,0.9441820195797797,0.25583756345177666,0.0,0.0,0.0
s1,1000,0.015,12,15,,1.0,-1,nan,nan,nan,0,,,,0,,f=1.0,1.0,3,1.2201550477644405,0.0004702487633884104,-13162.82730155997,-2.8417462178941646,0.381154367064018,1.5246174682560723,0.3847715736040609,0.0,0.0,0.0
s1,1000,0.015,13,15,,1.0,-1,nan,nan,nan,0,,,,0,,f=1.0,0.0,-1,0.9092865677359285,0.0007127443841861816,-2394.7520477890503,-0.34110691112092323,0.28403831861968426,1.1361532744787368,0.31675126903553297,0.0,0.0,0.0
s1,1000,0.015,14,15,,1.0,-1,nan,nan,nan,0,,,,0,,f=1.0,0.0,-1,1.0137350177892022,0.00014281141682305766,-6339.296760070021,-4.506526451002665,0.26246131294199043,1.0498452517679615,0.3472081218274112,0.0,0.0,0.0
s1,1000,0.015,15,15,,1.0,-1,nan,nan,nan,0,,,,0,,f=1.0,1.0,3,1.390339600872549,-0.00018109210948407802,-4679.057143538143,-2.6231467701073763,0.4342593724190242,1.7370374896760965,0.29949238578680204,0.0,0.0,0.0
s1,1000,0.015,16,15,,1.0,-1,nan,nan,nan,0,,,,0,,f=1.0,1.0,3,1.0482421142272467,0.0004978650786947025,-9976.8488013834,-2.034442852584522,0.3199400004701907,1.2797600018807627,0.28223350253807106,0.0,0.0,0.0
s1,1000,0.015,17,15,,1.0,-1,nan,nan,nan,0,,,,0,,f=1.0,0.0,-1,1.0774147505905456,0.0005502475992989192,-14081.8451405979,-2.598155721361743,0.2907087781993435,1.162835112797374,0.32893401015228424,0.0,0.0,0.0
s1,1000,0.015,18,15,,1.0,-1,nan,nan,nan,0,,,,0,,f=1.0,0.0,-1,0.9301038021315354,-0.000546337219991622,-5155.426403025514,-0.9580045515888396,0.25364950528066615,1.0145980211226648,0.2365482233502538,0.0,0.0,0.0
s1,1000,0.015,19,15,,1.0,-1,nan,nan,nan,0,,,,0,,f=1.0,0.0,-1,0.8622108273983711,0.0007276431628622984,-6942.3489896431565,-0.96861626686935,0.2693079992932718,1.0772319971730875,0.3553299492385787,0.0,0.0,0.0
s1,1000,0.015,20,15,,1.0,-1,nan,nan,nan,0,,,,0,,f=1.0,1.0,3,1.042026126334363,-0.00023976753219583918,-9287.214549457189,-3.9324107506539674,0.32551293717756913,1.3020517487102765,0.36548223350253806,0.0,0.0,0.0
s1,1000,0.015,21,15,,1.0,-1,nan,nan,nan,0,,,,0,,f=1.0,1.0,8,1.0430083992526913,0.00021811255045046056,-4646.46201324882,-2.1627459347372673,0.24501042387724012,0.9800416955089606,0.516751269035533,0.0,0.0,0.0
s1,1000,0.015,22,15,,1.0,-1,nan,nan,nan,0,,,,0,,f=1.0,0.0,-1,0.9281898862331535,0.0007723321577571899,-3099.2869578439277,-0.40740038978806276,0.2899235587505149,1.1596942350020596,0.3553299492385787,0.0,0.0,0.0
s1,1000,0.015,23,15,,1.0,-1,nan,nan,nan,0,,,,0,,f=1.0,0.0,-1,1.0205780023846496,-0.0001959745730414306,-11635.785965048475,-6.027812941160871,0.27249244914729986,1.0899697965891995,0.3725888324873096,0.0,0.0,0.0
s1,1000,0.015,24,15,,1.0,-1,nan,nan,nan,0,,,,0,,f=1.0,0.0,-1,0.9134745070544159,0.0004625943302308318,-13492.780405950034,-2.9611807417534206,0.2853220566402565,1.1412882265610262,0.2629441624365482,0.0,0.0,0.0
s1,1000,0.015,25,15,,1.0,-1,nan,nan,nan,0,,,,0,,f=1.0,1.0,4,1.3413224793915564,0.00048488779836688853,-8106.406553468434,-1.6972698419555607,0.3632505887863233,1.4530023551452933,0.4700507614213198,0.0,0.0,0.0
s1,1000,0.015,26,15,,1.0,-1,nan,nan,nan,0,,,,0,,f=1.0,1.0,4,1.0162864378324903,0.00021176295506848295,-5462.709515955299,-2.6189179235565105,0.3174703748959277,1.269881499583711,0.45380710659898477,0.0,0.0,0.0
s1,1000,0.015,27,15,,1.0,-1,nan,nan,nan,0,,,,0,,f=1.0,0.0,-1,0.9557901310870995,1.7506216386815314e-05,-12159.639792390168,-70.51673359451402,0.25496749609906844,1.0198699843962737,0.27918781725888325,0.0,0.0,0.0
s1,1000,0.015,28,15,,1.0,-1,nan,nan,nan,0,,,,0,,f=1.0,1.0,3,1.0383981992509894,-0.00025485005285988,-9725.133227137383,-3.8741336687522616,0.32437785934555075,1.297511437382203,0.39390862944162436,0.0,0.0,0.0
s1,1000,0.015,29,15,,1.0,-1,nan,nan,nan,0,,,,0,,f=1.0,1.0,4,1.1054219131277991,0.00011969869396275826,-11180.2899918498,-9.482599884178706,0.3167057323370016,1.2668229293480064,0.4131979695431472,0.0,0.0,0.0
s1,1000,0.015,30,15,,1.0,-1,nan,nan,nan,0,,,,0,,f=1.0,1.0,11,0.8734366580134713,0.00042260592192695074,-8920.191167071345,-2.1429022102681685,0.19470338255790706,0.7788135302316284,0.500507614213198,0.0,0.0,0.0
s1,1000,0.015,31,15,,1.0,-1,nan,nan,nan,0,,,,0,,f=1.0,1.0,12,1.2363943253731529,-0.0008967118660914641,-8600.58187663043,-0.9737303067884606,0.31081535242712327,1.2432614097084933,0.483248730964467,0.0,0.0,0.0
s1,1000,0.015,32,15,,1.0,-1,nan,nan,nan,0,,,,0,,f=1.0,1.0,9,0.9252756305235738,0.0008238149332621981,-3271.99042386387,-0.4032237769771835,0.23909131223337524,0.9563652489335006,0.43147208121827413,0.0,0.0,0.0
s1,1000,0.015,33,15,,1.0,-1,nan,nan,nan,0,,,,0,,f=1.0,1.0,4,0.9935686309257719,0.0004388272683365923,-7487.511316600256,-1.7322383726034278,0.3103176316427958,1.2412705265711832,0.35431472081218274,0.0,0.0,0.0
s1,1000,0.015,34,15,,1.0,-1,nan,nan,nan,0,,,,0,,f=1.0,0.0,-1,0.8756992918378895,0.0006416633557900786,-6126.3289758132305,-0.9692969482479645,0.22753442288421255,0.9101376915368502,0.29441624365482233,0.0,0.0,0.0
s1,1000,0.015,35,15,,1.0,-1,nan,nan,nan,0,,,,0,,f=1.0,1.0,4,1.0605220055561644,0.00040891373122158237,-3774.8779660377186,-0.9372058516715579,0.33123525079890487,1.3249410031956197,0.36243654822335025,0.0,0.0,0.0
s1,1000,0.015,36,15,,1.0,-1,nan,nan,nan,0,,,,0,,f=1.0,1.0,4,1.3473169562246774,0.0007153103771162819,-6831.136773795588,-0.969532172217954,0.37960758081317963,1.5184303232527183,0.42842639593908627,0.0,0.0,0.0
s1,1000,0.015,37,15,,1.0,-1,nan,nan,nan,0,,,,0,,f=1.0,0.0,-1,0.9904475268269605,-0.0002995249988590627,-8177.9335254143225,-2.771879013705827,0.2603081128247105,1.0412324512988418,0.3147208121827411,0.0,0.0,0.0
s1,1000,0.015,38,15,,1.0,-1,nan,nan,nan,0,,,,0,,f=1.0,0.0,-1,0.8802482505817889,0.00026916559046616563,-7895.68361003662,-2.9780635900952186,0.24401101889558846,0.9760440755823538,0.36852791878172586,0.0,0.0,0.0
s1,1000,0.015,39,15,,1.0,-1,nan,nan,nan,0,,,,0,,f=1.0,1.0,3,0.9842568851409347,0.0005618040114128725,-9823.478010790423,-1.775187417681254,0.30745894286830067,1.2298357714732027,0.3411167512690355,0.0,0.0,0.0
s1,1000,0.015,40,15,,1.0,-1,nan,nan,nan,0,,,,0,,f=1.0,0.0,-1,0.9358872205878586,-0.0002922969322479543,-787.4950410872698,-0.2735188991581453,0.24579573497746945,0.9831829399098777,0.29746192893401013,0.0,0.0,0.0
s1,1000,0.015,41,15,,1.0,-1,nan,nan,nan,0,,,,0,,f=1.0,0.0,-1,0.984131550717045,0.0006579760213682267,-1394.4683224968612,-0.21516040626580754,0.24884145363259486,0.9953658145303794,0.3746192893401015,0.0,0.0,0.0
s1,1000,0.015,42,15,,1.0,-1,nan,nan,nan,0,,,,0,,f=1.0,0.0,-1,1.095422649426512,-0.00026774637272496365,-8802.513192194747,-3.3376966139598263,0.2959816068201606,1.1839264272806425,0.29644670050761424,0.0,0.0,0.0
s1,1000,0.015,43,15,,1.0,-1,nan,nan,nan,0,,,,0,,f=1.0,0.0,-1,0.8356923775058898,0.001001366581621055,-11581.524718755507,-1.174184692328522,0.26100385113002084,1.0440154045200831,0.27106598984771574,0.0,0.0,0.0
s1,1000,0.015,44,15,,1.0,-1,nan,nan,nan,0,,,,0,,f=1.0,0.0,-1,0.9317667955735354,0.00024315820656508813,-6541.065292887739,-2.7310102003380043,0.2431860782514181,0.9727443130056725,0.3065989847715736,0.0,0.0,0.0
s1,1000,0.015,45,15,,1.0,-1,nan,nan,nan,0,,,,0,,f=1.0,1.0,11,1.0700965086695058,-0.0006888802404601487,-1798.9195728492923,-0.2651134667379523,0.28429449418913644,1.1371779767565457,0.4263959390862944,0.0,0.0,0.0
s1,1000,0.015,46,15,,1.0,-1,nan,nan,nan,0,,,,0,,f=1.0,1.0,4,1.0330567100140513,0.00021273388748941233,-5298.437870201189,-2.528569756705415,0.3226357139476353,1.290542855790541,0.44263959390862945,0.0,0.0,0.0
s1,1000,0.015,47,15,,1.0,-1,nan,nan,nan,0,,,,0,,f=1.0,1.0,4,1.1375253642628427,-0.0016253664662524453,-8518.680109374574,-0.5320896168327556,0.3552547445732705,1.4210189782930822,0.37766497461928933,0.0,0.0,0.0
s1,1000,0.015,48,15,,1.0,-1,nan,nan,nan,0,,,,0,,f=1.0,1.0,7,1.3495684341113792,-0.00011136614572861927,-8803.317347475328,-8.025219836125379,0.38843896811280487,1.5537558724512195,0.3928934010152284,0.0,0.0,0.0
s1,1000,0.015,49,15,,1.0,-1,nan,nan,nan,0,,,,0,,f=1.0,0.0,-1,0.8938718033919261,0.0005174231348491185,-5883.119839030318,-1.154318408708017,0.2359974030291108,0.9439896121164428,0.27614213197969545,0.0,0.0,0.0
s1,1000,0.015,50,15,,1.0,-1,nan,nan,nan,0,,,,0,,f=1.0,1.0,4,1.0762102007243415,0.00046930718790796504,-7325.672119459254,-1.5847254782702633,0.3361535628960746,1.3446142515842983,0.31573604060913707,0.0,0.0,0.0
s1,1000,0.015,1,15,,1.4,-1,nan,nan,nan,0,,,,0,,f=1.4,0.0,-1,0.9732797677139446,8.29314829878093e-05,-1904.2749004756333,-2.3311701913245018,0.24540968769320173,0.9816387507728068,0.3746192893401015,0.0,0.0,0.0
s1,1000,0.015,2,15,,1.4,-1,nan,nan,nan,0,,,,0,,f=1.4,0.0,-1,0.9309884617083783,-0.00013355885575851663,-5192.677564312238,-3.9471391413609416,0.24190570149369003,0.9676228059747602,0.31370558375634516,0.0,0.0,0.0
s1,1000,0.015,3,15,,1.4,-1,nan,nan,nan,0,,,,0,,f=1.4,0.0,-1,0.8821093198808087,0.0006528493071060042,-9755.119623023667,-1.5169924569711444,0.26991731353960086,1.0796692541584036,0.38781725888324875,0.0,0.0,0.0
s1,1000,0.015,4,15,,1.4,-1,nan,nan,nan,0,,,,0,,f=1.4,0.0,-1,0.9427536370220413,3.350868619864967e-05,-5985.591642739484,-18.13482852918289,0.2931059479037785,1.1724237916151141,0.24467005076142131,0.0,0.0,0.0
s1,1000,0.015,5,15,,1.4,-1,nan,nan,nan,0,,,,0,,f=1.4,1.0,4,1.0202725716798529,0.0007411921870702793,-10310.188292722683,-1.4122108164200322,0.31867337355966285,1.2746934942386514,0.3350253807106599,0.0,0.0,0.0
s1,1000,0.015,6,15,,1.4,-1,nan,nan,nan,0,,,,0,,f=1.4,1.0,21,1.0945248925644575,-0.0012758782220134502,-3572.140068639419,-0.2842385799976801,0.30083149786622376,1.203325991464895,0.2629441624365482,0.0,0.0,0.0
s1,1000,0.015,7,15,,1.4,-1,nan,nan,nan,0,,,,0,,f=1.4,1.0,4,0.9711355456395899,0.00017579746871846278,-1772.6325588886393,-1.0236933310005718,0.3032540807093838,1.213016322837535,0.43451776649746193,0.0,0.0,0.0
s1,1000,0.015,8,15,,1.4,-1,nan,nan,nan,0,,,,0,,f=1.4,1.0,12,1.0078674741136915,0.0005736745164272976,-7940.767383904313,-1.405272945666751,0.25842412236765716,1.0336964894706284,0.4071065989847716,0.0,0.0,0.0
s1,1000,0.015,9,15,,1.4,-1,nan,nan,nan,0,,,,0,,f=1.4,1.0,4,1.2064929118447092,0.00046385564450590594,-9710.517939527868,-2.125315055233934,0.3768651276916928,1.5074605107667711,0.4588832487309645,0.0,0.0,0.0
s1,1000,0.015,10,15,,1.4,-1,nan,nan,nan,0,,,,0,,f=1.4,1.0,4,1.174737126170974,0.00040886558538387875,-8313.970174042042,-2.064389657293049,0.3414748443575606,1.3658993774302424,0.41725888324873095,0.0,0.0,0.0
s1,1000,0.015,11,15,,1.4,-1,nan,nan,nan,0,,,,0,,f=1.4,0.0,-1,0.8703583020855398,0.0007876248724887214,-11483.37132157525,-1.4801773539331746,0.23192556398529235,0.9277022559411694,0.25583756345177666,0.0,0.0,0.0
s1,1000,0.015,12,15,,1.4,-1,nan,nan,nan,0,,,,0,,f=1.4,1.0,3,1.2201550477644405,0.00047512437909595705,-13158.630472678575,-2.8116881170614714,0.381154367064018,1.5246174682560723,0.3847715736040609,0.0,0.0,0.0
s1,1000,0.015,13,15,,1.4,-1,nan,nan,nan,0,,,,0,,f=1.4,0.0,-1,0.9092865677359285,0.0007056155839832831,-2380.859667845536,-0.3425542843613905,0.28403831861968426,1.1361532744787368,0.31675126903553297,0.0,0.0,0.0
s1,1000,0.015,14,15,,1.4,-1,nan,nan,nan,0,,,,0,,f=1.4,0.0,-1,1.011403075060816,0.0001748828665622827,-6339.845730542787,-3.6804014773624005,0.2617283119776736,1.0469132479106946,0.3472081218274112,0.0,0.0,0.0
s1,1000,0.015,15,15,,1.4,-1,nan,nan,nan,0,,,,0,,f=1.4,1.0,3,1.390339600872549,-0.00018109210948407802,-4679.057143538143,-2.6231467701073763,0.4342593724190242,1.7370374896760965,0.29949238578680204,0.0,0.0,0.0
s1,1000,0.015,16,15,,1.4,-1,nan,nan,nan,0,,,,0,,f=1.4,1.0,3,1.0482421142272467,0.0004872494812464805,-9861.940650250413,-2.0548246581917096,0.3199400004701907,1.2797600018807627,0.28223350253807106,0.0,0.0,0.0
s1,1000,0.015,17,15,,1.4,-1,nan,nan,nan,0,,,,0,,f=1.4,0.0,-1,1.0774147505905456,0.0005234527095594458,-14070.409728954895,-2.728934183929514,0.2907087781993435,1.162835112797374,0.32893401015228424,0.0,0.0,0.0
s1,1000,0.015,18,15,,1.4,-1,nan,nan,nan,0,,,,0,,f=1.4,0.0,-1,0.9307233753247985,-0.0005401650041737002,-5157.119598310674,-0.9692694591604788,0.25384166046305695,1.0153666418522276,0.2365482233502538,0.0,0.0,0.0
s1,1000,0.015,19,15,,1.4,-1,nan,nan,nan,0,,,,0,,f=1.4,0.0,-1,0.8993136468154728,0.000621574766454736,-6711.157549020485,-1.0961445485711256,0.2693079992932718,1.0772319971730875,0.3553299492385787,0.0,0.0,0.0
s1,1000,0.015,20,15,,1.4,-1,nan,nan,nan,0,,,,0,,f=1.4,1.0,3,1.042026126334363,-0.0002129998346015357,-9314.97252203594,-4.4398273421944605,0.32551293717756913,1.3020517487102765,0.36548223350253806,0.0,0.0,0.0
s1,1000,0.015,21,15,,1.4,-1,nan,nan,nan,0,,,,0,,f=1.4,1.0,8,1.0432962176860676,0.0002351150043140435,-4626.50060336024,-1.9977265768183596,0.24509132378589008,0.98036529514356,0.516751269035533,0.0,0.0,0.0
s1,1000,0.015,22,15,,1.4,-1,nan,nan,nan,0,,,,0,,f=1.4,0.0,-1,0.9281898862331535,0.0007602980279166081,-2892.625155484304,-0.3862531766395351,0.2899235587505149,1.1596942350020596,0.3553299492385787,0.0,0.0,0.0
s1,1000,0.015,23,15,,1.4,-1,nan,nan,nan,0,,,,0,,f=1.4,0.0,-1,1.0205780023846496,-0.00021862188087502107,-11671.142922117724,-5.419803368098041,0.27249244914729986,1.0899697965891995,0.3725888324873096,0.0,0.0,0.0
s1,1000,0.015,24,15,,1.4,-1,nan,nan,nan,0,,,,0,,f=1.4,0.0,-1,0.9134745070544159,0.0004687722041488148,-13447.3345280207,-2.912313518437258,0.2853220566402565,1.1412882265610262,0.2629441624365482,0.0,0.0,0.0
s1,1000,0.015,25,15,,1.4,-1,nan,nan,nan,0,,,,0,,f=1.4,1.0,4,1.3357695789986068,0.0004902048172268468,-8152.213030491956,-1.688347016541222,0.3632505887863233,1.4530023551452933,0.4700507614213198,0.0,0.0,0.0
s1,1000,0.015,26,15,,1.4,-1,nan,nan,nan,0,,,,0,,f=1.4,1.0,4,1.0162864378324903,0.0002608014202668204,-5320.952738241525,-2.0713010189305923,0.3174703748959277,1.269881499583711,0.45380710659898477,0.0,0.0,0.0
s1,1000,0.015,27,15,,1.4,-1,nan,nan,nan,0,,,,0,,f=1.4,0.0,-1,0.9566522530227971,4.1497663072485305e-05,-12172.261042774306,-29.779087565848922,0.2552349010754771,1.0209396043019083,0.27918781725888325,0.0,0.0,0.0
s1,1000,0.015,28,15,,1.4,-1,nan,nan,nan,0,,,,0,,f=1.4,1.0,3,1.0383981992509894,-0.00024626418463829055,-9736.919301451999,-4.0140620833178,0.32437785934555075,1.297511437382203,0.39390862944162436,0.0,0.0,0.0
s1,1000,0.015,29,15,,1.4,-1,nan,nan,nan,0,,,,0,,f=1.4,1.0,4,1.1054219131277991,0.00013010292638698356,-11178.90308947803,-8.723201320319365,0.3167057323370016,1.2668229293480064,0.4131979695431472,0.0,0.0,0.0
s1,1000,0.015,30,15,,1.4,-1,nan,nan,nan,0,,,,0,,f=1.4,1.0,11,0.9146510827454778,0.0004352981587822743,-10152.260715442477,-2.367771023735302,0.20761022122950373,0.8304408849180149,0.500507614213198,0.0,0.0,0.0
s1,1000,0.015,31,15,,1.4,-1,nan,nan,nan,0,,,,0,,f=1.4,1.0,12,1.2329559842549833,-0.000855795576620639,-8448.342118740897,-1.002224983299476,0.3097337705784395,1.2389350823137582,0.483248730964467,0.0,0.0,0.0
s1,1000,0.015,32,15,,1.4,-1,nan,nan,nan,0,,,,0,,f=1.4,1.0,9,0.9222519711617286,0.0008955756937003302,-3201.7698418438667,-0.36295399496458275,0.23909131223337524,0.9563652489335006,0.43147208121827413,0.0,0.0,0.0
s1,1000,0.015,33,15,,1.4,-1,nan,nan,nan,0,,,,0,,f=1.4,1.0,4,0.9935686309257719,0.0004454842407683733,-7485.101945383241,-1.70580406083898,0.3103176316427958,1.2412705265711832,0.35431472081218274,0.0,0.0,0.0
s1,1000,0.015,34,15,,1.4,-1,nan,nan,nan,0,,,,0,,f=1.4,0.0,-1,0.8756427180326002,0.0006312544742648296,-6120.75800140528,-0.9843839160671194,0.22751676299180484,0.9100670519672192,0.29441624365482233,0.0,0.0,0.0
s1,1000,0.015,35,15,,1.4,-1,nan,nan,nan,0,,,,0,,f=1.4,1.0,4,1.0605220055561644,0.000683616530488666,-3830.3849452398717,-0.5688445944492917,0.33123525079890487,1.3249410031956197,0.36243654822335025,0.0,0.0,0.0
s1,1000,0.015,36,15,,1.4,-1,nan,nan,nan,0,,,,0,,f=1.4,1.0,4,1.3473169562246774,0.0006990942999656279,-6723.477059036028,-0.97638688155374,0.37960758081317963,1.5184303232527183,0.42842639593908627,0.0,0.0,0.0
s1,1000,0.015,37,15,,1.4,-1,nan,nan,nan,0,,,,0,,f=1.4,0.0,-1,0.9770805339362406,-0.0003112787457090344,-8151.358175329398,-2.658546607311504,0.2561323143297648,1.0245292573190592,0.3147208121827411,0.0,0.0,0.0
s1,1000,0.015,38,15,,1.4,-1,nan,nan,nan,0,,,,0,,f=1.4,0.0,-1,0.8720109728381907,0.00021173424549949198,-7857.069767906563,-3.767326611591522,0.24401101889558846,0.9760440755823538,0.36852791878172586,0.0,0.0,0.0
s1,1000,0.015,39,15,,1.4,-1,nan,nan,nan,0,,,,0,,f=1.4,1.0,3,0.9842568851409347,0.0005618040114128725,-9823.478010790423,-1.775187417681254,0.30745894286830067,1.2298357714732027,0.3411167512690355,0.0,0.0,0.0
s1,1000,0.015,40,15,,1.4,-1,nan,nan,nan,0,,,,0,,f=1.4,0.0,-1,0.9438852953609925,-0.00025945979167154144,-799.071199638769,-0.3126649379317153,0.24828747801900236,0.9931499120760094,0.29746192893401013,0.0,0.0,0.0
s1,1000,0.015,41,15,,1.4,-1,nan,nan,nan,0,,,,0,,f=1.4,0.0,-1,0.9818435435889288,0.0006678595487954955,-1307.4202317229938,-0.19874391058482704,0.24811488990837866,0.9924595596335146,0.3746192893401015,0.0,0.0,0.0
s1,1000,0.015,42,15,,1.4,-1,nan,nan,nan,0,,,,0,,f=1.4,0.0,-1,1.09568368457092,-0.0002659561208280059,-8803.437669863575,-3.3605168193253285,0.2960625575637721,1.1842502302550884,0.29644670050761424,0.0,0.0,0.0
s1,1000,0.015,43,15,,1.4,-1,nan,nan,nan,0,,,,0,,f=1.4,0.0,-1,0.8356923775058898,0.000983901534811759,-11479.659063773113,-1.1845165186276494,0.26100385113002084,1.0440154045200831,0.27106598984771574,0.0,0.0,0.0
s1,1000,0.015,44,15,,1.4,-1,nan,nan,nan,0,,,,0,,f=1.4,0.0,-1,0.9305498163115888,0.0003924708503541456,-6246.523239467875,-1.6158264882928899,0.24279452991365377,0.9711781196546152,0.3065989847715736,0.0,0.0,0.0
s1,1000,0.015,45,15,,1.4,-1,nan,nan,nan,0,,,,0,,f=1.4,1.0,11,1.0700284336806587,-0.0006651248670628455,-1809.0153841339052,-0.2761231661463018,0.28429449418913644,1.1371779767565457,0.4263959390862944,0.0,0.0,0.0
s1,1000,0.015,46,15,,1.4,-1,nan,nan,nan,0,,,,0,,f=1.4,1.0,4,1.0330567100140513,0.000218272036786385,-5252.131186412764,-2.4428749363003446,0.3226357139476353,1.290542855790541,0.44263959390862945,0.0,0.0,0.0
s1,1000,0.015,47,15,,1.4,-1,nan,nan,nan,0,,,,0,,f=1.4,1.0,4,1.1375253642628427,-0.0015841942032850183,-8424.795285781496,-0.5399017142567499,0.3552547445732705,1.4210189782930822,0.37766497461928933,0.0,0.0,0.0
s1,1000,0.015,48,15,,1.4,-1,nan,nan,nan,0,,,,0,,f=1.4,1.0,7,1.3495684341113792,-0.00011094627231718774,-8803.32616347936,-8.055599148431034,0.38843896811280487,1.5537558724512195,0.3928934010152284,0.0,0.0,0.0
s1,1000,0.015,49,15,,1.4,-1,nan,nan,nan,0,,,,0,,f=1.4,0.0,-1,0.8964772233715665,0.0005243248835765771,-5865.391018423252,-1.1356912251068154,0.23680855658391478,0.9472342263356588,0.27614213197969545,0.0,0.0,0.0
s1,1000,0.015,50,15,,1.4,-1,nan,nan,nan,0,,,,0,,f=1.4,1.0,4,1.0762102007243415,0.00048714298613501835,-7298.421013434418,-1.5210245639440279,0.3361535628960746,1.3446142515842983,0.31573604060913707,0.0,0.0,0.0
s1,1000,0.015,1,15,,2.0,-1,nan,nan,nan,0,,,,0,,f=2.0,0.0,-1,0.9745721322209927,0.00010256622863110855,-1893.8649351476924,-1.8745990211180277,0.24579360797456545,0.9831744318982618,0.3746192893401015,0.0,0.0,0.0
s1,1000,0.015,2,15,,2.0,-1,nan,nan,nan,0,,,,0,,f=2.0,0.0,-1,0.9345309680271533,-0.00015810073491393916,-5406.830776746618,-3.4719435708212147,0.2430184670912734,0.9720738683650936,0.31370558375634516,0.0,0.0,0.0
s1,1000,0.015,3,15,,2.0,-1,nan,nan,nan,0,,,,0,,f=2.0,0.0,-1,0.8891557260498121,0.0006871564426212595,-9706.35508781427,-1.4340500926181707,0.26991731353960086,1.0796692541584036,0.38781725888324875,0.0,0.0,0.0
s1,1000,0.015,4,15,,2.0,-1,nan,nan,nan,0,,,,0,,f=2.0,0.0,-1,0.9426880213735327,3.9163971457082005e-05,-5983.023459574324,-15.509498311758282,0.2931059479037785,1.1724237916151141,0.24467005076142131,0.0,0.0,0.0
s1,1000,0.015,5,15,,2.0,-1,nan,nan,nan,0,,,,0,,f=2.0,1.0,4,1.0202725716798529,0.0007759578419811456,-10157.285757683567,-1.328933696951739,0.31867337355966285,1.2746934942386514,0.3350253807106599,0.0,0.0,0.0
s1,1000,0.015,6,15,,2.0,-1,nan,nan,nan,0,,,,0,,f=2.0,0.0,-1,1.0909898159646907,-0.0013067802509173826,-3341.67360216449,-0.2596122821930211,0.2997200250959508,1.1988801003838034,0.2629441624365482,0.0,0.0,0.0
s1,1000,0.015,7,15,,2.0,-1,nan,nan,nan,0,,,,0,,f=2.0,1.0,4,0.9711355456395899,0.00020205542342557672,-1518.549747537123,-0.7629960356713269,0.3032540807093838,1.213016322837535,0.43451776649746193,0.0,0.0,0.0
s1,1000,0.015,8,15,,2.0,-1,nan,nan,nan,0,,,,0,,f=2.0,1.0,12,1.0080558889000881,0.000621811840619873,-7711.83154766541,-1.2591060663885163,0.25842412236765716,1.0336964894706284,0.4071065989847716,0.0,0.0,0.0
s1,1000,0.015,9,15,,2.0,-1,nan,nan,nan,0,,,,0,,f=2.0,1.0,4,1.2064929118447092,0.0004792197999159621,-9719.906487065135,-2.0591647860354048,0.3768651276916928,1.5074605107667711,0.4588832487309645,0.0,0.0,0.0
s1,1000,0.015,10,15,,2.0,-1,nan,nan,nan,0,,,,0,,f=2.0,1.0,4,1.174737126170974,0.00038930574732364584,-8138.270847737207,-2.1222917881722103,0.3414748443575606,1.3658993774302424,0.41725888324873095,0.0,0.0,0.0
s1,1000,0.015,11,15,,2.0,-1,nan,nan,nan,0,,,,0,,f=2.0,0.0,-1,0.8612353835226363,0.0008150297960007402,-11462.822647490539,-1.4278476020841062,0.23083450591423776,0.9233380236569511,0.25583756345177666,0.0,0.0,0.0
s1,1000,0.015,12,15,,2.0,-1,nan,nan,nan,0,,,,0,,f=2.0,1.0,3,1.2201550477644405,0.00048575166483178053,-13149.593507563462,-2.748285202286041,0.381154367064018,1.5246174682560723,0.3847715736040609,0.0,0.0,0.0
s1,1000,0.015,13,15,,2.0,-1,nan,nan,nan,0,,,,0,,f=2.0,0.0,-1,0.9092865677359285,0.0007309107177853962,-2283.0883323018206,-0.3171189200712002,0.28403831861968426,1.1361532744787368,0.31675126903553297,0.0,0.0,0.0
s1,1000,0.015,14,15,,2.0,-1,nan,nan,nan,0,,,,0,,f=2.0,0.0,-1,1.0084437218926774,0.0001820234552386978,-6341.279365699156,-3.5368228030467144,0.260800294959226,1.0432011798369043,0.3472081218274112,0.0,0.0,0.0
s1,1000,0.015,15,15,,2.0,-1,nan,nan,nan,0,,,,0,,f=2.0,1.0,3,1.390339600872549,-0.00018109210948407802,-4679.057143538143,-2.6231467701073763,0.4342593724190242,1.7370374896760965,0.29949238578680204,0.0,0.0,0.0
s1,1000,0.015,16,15,,2.0,-1,nan,nan,nan,0,,,,0,,f=2.0,1.0,3,1.0482421142272467,0.0005227349446952191,-9898.590997177176,-1.9224524902310598,0.3199400004701907,1.2797600018807627,0.28223350253807106,0.0,0.0,0.0
s1,1000,0.015,17,15,,2.0,-1,nan,nan,nan,0,,,,0,,f=2.0,0.0,-1,1.0774147505905456,0.0005278476374206809,-14070.059374682722,-2.7061453392226387,0.2907087781993435,1.162835112797374,0.32893401015228424,0.0,0.0,0.0
s1,1000,0.015,18,15,,2.0,-1,nan,nan,nan,0,,,,0,,f=2.0,0.0,-1,0.9253760294282282,-0.0005255364261786949,-5117.112280675443,-0.9885209834408372,0.2521677546653979,1.008671018661592,0.2365482233502538,0.0,0.0,0.0
s1,1000,0.015,19,15,,2.0,-1,nan,nan,nan,0,,,,0,,f=2.0,0.0,-1,0.8774184104426049,0.0007778869407567276,-6566.3101870857645,-0.8569760474417697,0.2693079992932718,1.0772319971730875,0.3553299492385787,0.0,0.0,0.0
s1,1000,0.015,20,15,,2.0,-1,nan,nan,nan,0,,,,0,,f=2.0,1.0,3,1.042026126334363,-0.00014339017442054102,-9328.867366679362,-6.6050071945331155,0.32551293717756913,1.3020517487102765,0.36548223350253806,0.0,0.0,0.0
s1,1000,0.015,21,15,,2.0,-1,nan,nan,nan,0,,,,0,,f=2.0,1.0,8,1.0686416317563394,0.00027701689172082293,-4659.727652287809,-1.7077254540251554,0.25299935772636306,1.0119974309054522,0.516751269035533,0.0,0.0,0.0
s1,1000,0.015,22,15,,2.0,-1,nan,nan,nan,0,,,,0,,f=2.0,0.0,-1,0.9281898862331535,0.0008289701994597383,-2793.324594466947,-0.34209462949355235,0.2899235587505149,1.1596942350020596,0.3553299492385787,0.0,0.0,0.0
s1,1000,0.015,23,15,,2.0,-1,nan,nan,nan,0,,,,0,,f=2.0,0.0,-1,1.0205780023846496,-0.00021862188087502107,-11671.142922117724,-5.419803368098041,0.27249244914729986,1.0899697965891995,0.3725888324873096,0.0,0.0,0.0
s1,1000,0.015,24,15,,2.0,-1,nan,nan,nan,0,,,,0,,f=2.0,0.0,-1,0.9134745070544159,0.0005199143168277244,-13473.502617927385,-2.630949450344232,0.2853220566402565,1.1412882265610262,0.2629441624365482,0.0,0.0,0.0
s1,1000,0.015,25,15,,2.0,-1,nan,nan,nan,0,,,,0,,f=2.0,1.0,4,1.3357695789986068,0.0005390754314850506,-8198.466992750997,-1.5439985311481332,0.3632505887863233,1.4530023551452933,0.4700507614213198,0.0,0.0,0.0
s1,1000,0.015,26,15,,2.0,-1,nan,nan,nan,0,,,,0,,f=2.0,1.0,4,1.0162864378324903,0.0002266140537926464,-5270.127523920499,-2.361011236271947,0.3174703748959277,1.269881499583711,0.45380710659898477,0.0,0.0,0.0
s1,1000,0.015,27,15,,2.0,-1,nan,nan,nan,0,,,,0,,f=2.0,0.0,-1,0.9584579662726292,4.3305073859274084e-05,-12175.197445843136,-28.543090780010466,0.2557969999650898,1.023187999860359,0.27918781725888325,0.0,0.0,0.0
s1,1000,0.015,28,15,,2.0,-1,nan,nan,nan,0,,,,0,,f=2.0,1.0,3,1.0383981992509894,-0.0002324794922093979,-9671.687809328898,-4.223586477216521,0.32437785934555075,1.297511437382203,0.39390862944162436,0.0,0.0,0.0
s1,1000,0.015,29,15,,2.0,-1,nan,nan,nan,0,,,,0,,f=2.0,1.0,4,1.1054219131277991,0.00014245294631813382,-11186.492845328292,-7.97234863987252,0.3167057323370016,1.2668229293480064,0.4131979695431472,0.0,0.0,0.0
s1,1000,0.015,30,15,,2.0,-1,nan,nan,nan,0,,,,0,,f=2.0,1.0,11,0.9141847672387572,0.00043906215017406165,-10139.714388967841,-2.344571555333358,0.20746380107824355,0.8298552043129743,0.500507614213198,0.0,0.0,0.0
s1,1000,0.015,31,15,,2.0,-1,nan,nan,nan,0,,,,0,,f=2.0,1.0,12,1.2332090282704182,-0.0008193294958168933,-8457.056474540499,-1.0479110273003198,0.30980697083372927,1.2392278833349168,0.483248730964467,0.0,0.0,0.0
s1,1000,0.015,32,15,,2.0,-1,nan,nan,nan,0,,,,0,,f=2.0,1.0,9,0.9205513860543149,0.0009189777758362026,-3140.8305482764263,-0.34697906075057394,0.23909131223337524,0.9563652489335006,0.43147208121827413,0.0,0.0,0.0
s1,1000,0.015,33,15,,2.0,-1,nan,nan,nan,0,,,,0,,f=2.0,1.0,4,0.9935686309257719,0.00048194298754696766,-7322.982436923776,-1.5426098372763846,0.3103176316427958,1.2412705265711832,0.35431472081218274,0.0,0.0,0.0
s1,1000,0.015,34,15,,2.0,-1,nan,nan,nan,0,,,,0,,f=2.0,0.0,-1,0.8816108619060612,0.0006479315752918042,-5759.639080637018,-0.9024640167922431,0.22936643269962548,0.9174657307985017,0.29441624365482233,0.0,0.0,0.0
s1,1000,0.015,35,15,,2.0,-1,nan,nan,nan,0,,,,0,,f=2.0,1.0,4,1.0605220055561644,0.00047027575188198216,-3730.1995026927907,-0.8052731947387503,0.33123525079890487,1.3249410031956197,0.36243654822335025,0.0,0.0,0.0
s1,1000,0.015,36,15,,2.0,-1,nan,nan,nan,0,,,,0,,f=2.0,1.0,4,1.3473169562246774,0.0007677123411655956,-6765.643841311568,-0.894693700005084,0.37960758081317963,1.5184303232527183,0.42842639593908627,0.0,0.0,0.0
s1,1000,0.015,37,15,,2.0,-1,nan,nan,nan,0,,,,0,,f=2.0,0.0,-1,0.971020485477557,-0.000253116722948055,-8141.632641983568,-3.26553567822189,0.25423274724932604,1.016930988997304,0.3147208121827411,0.0,0.0,0.0
s1,1000,0.015,38,15,,2.0,-1,nan,nan,nan,0,,,,0,,f=2.0,0.0,-1,0.8847564798591007,0.0002895484288471756,-7797.733648043126,-2.734078334486777,0.24401101889558846,0.9760440755823538,0.36852791878172586,0.0,0.0,0.0
s1,1000,0.015,39,15,,2.0,-1,nan,nan,nan,0,,,,0,,f=2.0,1.0,3,0.9842568851409347,0.0005899609123355694,-9730.53712154564,-1.6744698984862645,0.30745894286830067,1.2298357714732027,0.3411167512690355,0.0,0.0,0.0
s1,1000,0.015,40,15,,2.0,-1,nan,nan,nan,0,,,,0,,f=2.0,0.0,-1,0.9590815960137947,-0.00025048302304699337,-823.3046962332446,-0.3336922083715232,0.2530246280455389,1.0120985121821553,0.29746192893401013,0.0,0.0,0.0
s1,1000,0.015,41,15,,2.0,-1,nan,nan,nan,0,,,,0,,f=2.0,0.0,-1,0.9819140710460351,0.000726528670680591,-1334.2729326412082,-0.18644712376169356,0.24812946241635891,0.9925178496654357,0.3746192893401015,0.0,0.0,0.0
s1,1000,0.015,42,15,,2.0,-1,nan,nan,nan,0,,,,0,,f=2.0,0.0,-1,1.1022659787213034,-0.00025997978231307063,-8818.127631641692,-3.443503860023063,0.2981171548886384,1.1924686195545533,0.29644670050761424,0.0,0.0,0.0
s1,1000,0.015,43,15,,2.0,-1,nan,nan,nan,0,,,,0,,f=2.0,0.0,-1,0.8356923775058898,0.0009856576271122558,-11358.017411326873,-1.1698770269005188,0.26100385113002084,1.0440154045200831,0.27106598984771574,0.0,0.0,0.0
s1,1000,0.015,44,15,,2.0,-1,nan,nan,nan,0,,,,0,,f=2.0,0.0,-1,0.9226186405360715,0.00041296750642397077,-6239.58429396071,-1.5339229468623528,0.24031489459752584,0.9612595783901035,0.3065989847715736,0.0,0.0,0.0
s1,1000,0.015,45,15,,2.0,-1,nan,nan,nan,0,,,,0,,f=2.0,1.0,11,1.0715341664004605,-0.0006434203403649218,-1814.8294693997595,-0.2863550234284982,0.28429449418913644,1.1371779767565457,0.4263959390862944,0.0,0.0,0.0
s1,1000,0.015,46,15,,2.0,-1,nan,nan,nan,0,,,,0,,f=2.0,1.0,4,1.0330567100140513,0.0002497858577155447,-5244.055875086226,-2.1313915217966524,0.3226357139476353,1.290542855790541,0.44263959390862945,0.0,0.0,0.0
s1,1000,0.015,47,15,,2.0,-1,nan,nan,nan,0,,,,0,,f=2.0,1.0,4,1.1375253642628427,-0.0016323927801070253,-8441.83385173278,-0.5250200687991731,0.3552547445732705,1.4210189782930822,0.37766497461928933,0.0,0.0,0.0
s1,1000,0.015,48,15,,2.0,-1,nan,nan,nan,0,,,,0,,f=2.0,1.0,7,1.3629352246881181,-8.690012554567174e-05,-8639.926895416691,-10.093770671942053,0.39261179677971536,1.5704471871188614,0.3928934010152284,0.0,0.0,0.0
s1,1000,0.015,49,15,,2.0,-1,nan,nan,nan,0,,,,0,,f=2.0,0.0,-1,0.8943092912887708,0.0005490708028975175,-5816.601421810919,-1.075485907696255,0.23612678649189225,0.9445071459675689,0.27614213197969545,0.0,0.0,0.0
s1,1000,0.015,50,15,,2.0,-1,nan,nan,nan,0,,,,0,,f=2.0,1.0,4,1.0762102007243415,0.0005011420761392958,-7305.482254602597,-1.4799661825526145,0.3361535628960746,1.3446142515842983,0.31573604060913707,0.0,0.0,0.0
