scenario,n_society,alpha,primary_metric,primary_failure_mean,primary_failure_n,primary_failure_successes,primary_failure_ci_low,primary_failure_ci_high,primary_failure_score_mean,collapse_rate_mean,collapse_rate_ci_low,collapse_rate_ci_high,max_collapse_score_mean,retail_loss_pct_mean,liquidity_stress_mean,cancel_rate_mean,spoof_depth_to_liquidity_mean,wash_share_mean,volume_distortion_mean,withdrawal_loss_mean
s1,500,0.0,generic_collapse,0.2,30,6,0.0950510717728987,0.3730569641314825,0.8118989841018893,0.2,0.0950510717728987,0.3730569641314825,0.8118989841018893,0.00027742978416945164,1.0147901872852534,0.0,0.0,0.0,0.0,0.0
s1,500,0.0075,generic_collapse,0.3333333333333333,30,10,0.19230498083676134,0.5121994835545616,0.9356895832121951,0.3333333333333333,0.19230498083676134,0.5121994835545616,0.9356895832121951,0.00026782380066365776,1.129117144397535,0.0,0.0,0.0,0.0,0.0
s1,500,0.01,generic_collapse,0.4666666666666667,30,14,0.30232388907699753,0.638577003801267,0.980993041103464,0.4666666666666667,0.30232388907699753,0.638577003801267,0.980993041103464,0.00019229408280005815,1.1836066162527232,0.0,0.0,0.0,0.0,0.0
s1,500,0.0125,generic_collapse,0.4666666666666667,30,14,0.30232388907699753,0.638577003801267,0.9717143950315461,0.4666666666666667,0.30232388907699753,0.638577003801267,0.9717143950315461,0.00028642053581001274,1.1729578741361995,0.0,0.0,0.0,0.0,0.0
s1,500,0.015,generic_collapse,0.5666666666666667,30,17,0.3919730700081361,0.7262251442353347,1.0325474425282233,0.5666666666666667,0.3919730700081361,0.7262251442353347,1.0325474425282233,0.00021679832089795202,1.2036892924694231,0.0,0.0,0.0,0.0,0.0
s1,500,0.0175,generic_collapse,0.5333333333333333,30,16,0.36142299619873297,0.6976761109230025,1.0291365440568394,0.5333333333333333,0.36142299619873297,0.6976761109230025,1.0291365440568394,0.00029458591766538475,1.1908704216166273,0.0,0.0,0.0,0.0,0.0
s1,500,0.02,generic_collapse,0.7666666666666667,30,23,0.5907167384187784,0.8820761185551049,1.0430421752738075,0.7666666666666667,0.5907167384187784,0.8820761185551049,1.0430421752738075,0.000286515448996436,1.193095042991689,0.0,0.0,0.0,0.0,0.0
s1,500,0.025,generic_collapse,0.8666666666666667,30,26,0.703186733179637,0.9469034451594526,1.0796359331531764,0.8666666666666667,0.703186733179637,0.9469034451594526,1.0796359331531764,0.0003289492702960989,1.2136790816166119,0.0,0.0,0.0,0.0,0.0
s1,500,0.03,generic_collapse,0.9333333333333333,30,28,0.7867654163738308,0.9815229762087295,1.1090964919900752,0.9333333333333333,0.7867654163738308,0.9815229762087295,1.1090964919900752,0.0004902975609189226,1.2161945764905135,0.0,0.0,0.0,0.0,0.0
s1,500,0.04,generic_collapse,1.0,30,30,0.8864866068260312,0.9999999999999999,1.2106157154135382,1.0,0.8864866068260312,0.9999999999999999,1.2106157154135382,0.000649964809237365,1.244636490716258,0.0,0.0,0.0,0.0,0.0
s1,1000,0.0,generic_collapse,0.16666666666666666,30,5,0.0733654237184855,0.3356435050641603,0.8034567821345819,0.16666666666666666,0.0733654237184855,0.3356435050641603,0.8034567821345819,0.0002836597835223004,1.0042697613193916,0.0,0.0,0.0,0.0,0.0
s1,1000,0.0075,generic_collapse,0.36666666666666664,30,11,0.21873920806100708,0.5448643634520511,0.9556419504028254,0.36666666666666664,0.21873920806100708,0.5448643634520511,0.9556419504028254,0.00030410392241409146,1.1407170999871796,0.0,0.0,0.0,0.0,0.0
s1,1000,0.01,generic_collapse,0.36666666666666664,30,11,0.21873920806100708,0.5448643634520511,0.9851006820231805,0.36666666666666664,0.21873920806100708,0.5448643634520511,0.9851006820231805,0.00016690001340500808,1.1556162577926798,0.0,0.0,0.0,0.0,0.0
s1,1000,0.0125,generic_collapse,0.4,30,12,0.24590628116801852,0.5767963974667752,1.0055651348424022,0.4,0.24590628116801852,0.5767963974667752,1.0055651348424022,0.00022139065931801272,1.1744917794155265,0.0,0.0,0.0,0.0,0.0
s1,1000,0.015,generic_collapse,0.5333333333333333,30,16,0.36142299619873297,0.6976761109230025,1.026277018479091,0.5333333333333333,0.36142299619873297,0.6976761109230025,1.026277018479091,0.0002278268295949775,1.1828824305902386,0.0,0.0,0.0,0.0,0.0
s1,1000,0.0175,generic_collapse,0.7,30,21,0.5212421254128504,0.8333525173175619,1.0709919388479308,0.7,0.5212421254128504,0.8333525173175619,1.0709919388479308,0.00025093015368317823,1.2110323136906742,0.0,0.0,0.0,0.0,0.0
s1,1000,0.02,generic_collapse,0.9,30,27,0.7437891742081593,0.9654001112526658,1.0579098391157962,0.9,0.7437891742081593,0.9654001112526658,1.0579098391157962,0.0002856494787715275,1.1908402154737596,0.0,0.0,0.0,0.0,0.0
s1,1000,0.025,generic_collapse,1.0,30,30,0.8864866068260312,0.9999999999999999,1.1358739842548007,1.0,0.8864866068260312,0.9999999999999999,1.1358739842548007,0.00043940946032923895,1.2420557439122766,0.0,0.0,0.0,0.0,0.0
s1,1000,0.03,generic_collapse,1.0,30,30,0.8864866068260312,0.9999999999999999,1.1490876743731488,1.0,0.8864866068260312,0.9999999999999999,1.1490876743731488,0.0005424183584584173,1.225114257428076,0.0,0.0,0.0,0.0,0.0
s1,1000,0.04,generic_collapse,1.0,30,30,0.8864866068260312,0.9999999999999999,1.2746643567654203,1.0,0.8864866068260312,0.9999999999999999,1.2746643567654203,0.0007858698756731464,1.3007615267248578,0.0,0.0,0.0,0.0,0.0
s1,2000,0.0,generic_collapse,0.2,30,6,0.0950510717728987,0.3730569641314825,0.8309175711638978,0.2,0.0950510717728987,0.3730569641314825,0.8309175711638978,0.0002772100649455687,1.0385469469816995,0.0,0.0,0.0,0.0,0.0
s1,2000,0.0075,generic_collapse,0.3333333333333333,30,10,0.19230498083676134,0.5121994835545616,0.9513068670121481,0.3333333333333333,0.19230498083676134,0.5121994835545616,0.9513068670121481,0.00019700581672625646,1.1422352565861673,0.0,0.0,0.0,0.0,0.0
s1,2000,0.01,generic_collapse,0.4,30,12,0.24590628116801852,0.5767963974667752,0.9829481631271441,0.4,0.24590628116801852,0.5767963974667752,0.9829481631271441,0.00015628827746736157,1.1578906416431598,0.0,0.0,0.0,0.0,0.0
s1,2000,0.0125,generic_collapse,0.5,30,15,0.33154125640533766,0.6684587435946623,1.0078440243820548,0.5,0.33154125640533766,0.6684587435946623,1.0078440243820548,0.00022851535594416188,1.160728274941923,0.0,0.0,0.0,0.0,0.0
s1,2000,0.015,generic_collapse,0.5666666666666667,30,17,0.3919730700081361,0.7262251442353347,1.0504911776004477,0.5666666666666667,0.3919730700081361,0.7262251442353347,1.0504911776004477,0.00020391108224958234,1.2055871880817508,0.0,0.0,0.0,0.0,0.0
s1,2000,0.0175,generic_collapse,0.8666666666666667,30,26,0.703186733179637,0.9469034451594526,1.070759615820099,0.8666666666666667,0.703186733179637,0.9469034451594526,1.070759615820099,0.00020604829029838116,1.206041620833836,0.0,0.0,0.0,0.0,0.0
s1,2000,0.02,generic_collapse,0.9666666666666667,30,29,0.8332960900859082,0.9940914096183874,1.0796247145411138,0.9666666666666667,0.8332960900859082,0.9940914096183874,1.0796247145411138,0.0003823042384582148,1.1985826428030204,0.0,0.0,0.0,0.0,0.0
s1,2000,0.025,generic_collapse,1.0,30,30,0.8864866068260312,0.9999999999999999,1.191171448187362,1.0,0.8864866068260312,0.9999999999999999,1.191171448187362,0.00043168824052105083,1.2922555684068007,0.0,0.0,0.0,0.0,0.0
s1,2000,0.03,generic_collapse,1.0,30,30,0.8864866068260312,0.9999999999999999,1.209671634911813,1.0,0.8864866068260312,0.9999999999999999,1.209671634911813,0.0005399766542331038,1.2938627470722623,0.0,0.0,0.0,0.0,0.0
s1,2000,0.04,generic_collapse,1.0,30,30,0.8864866068260312,0.9999999999999999,1.4626466617383609,1.0,0.8864866068260312,0.9999999999999999,1.4626466617383609,0.0008920691468420037,1.4846909671064317,0.0,0.0,0.0,0.0,0.0
s2,500,0.0,generic_collapse,0.3,30,9,0.16664748268243793,0.47875787458714947,0.8729772904131675,0.3,0.16664748268243793,0.47875787458714947,0.8729772904131675,0.00019431294310659172,1.091215502666471,0.0,0.0,0.0,0.0,0.0
s2,500,0.00025,generic_collapse,0.3,30,9,0.16664748268243793,0.47875787458714947,0.8729772904131675,0.3,0.16664748268243793,0.47875787458714947,0.8729772904131675,0.00019431294310659172,1.091215502666471,0.0,0.0,0.0,0.0,0.0
s2,500,0.0005,generic_collapse,0.3,30,9,0.16664748268243793,0.47875787458714947,0.8729772904131675,0.3,0.16664748268243793,0.47875787458714947,0.8729772904131675,0.00019431294310659172,1.091215502666471,0.0,0.0,0.0,0.0,0.0
s2,500,0.00075,generic_collapse,0.3,30,9,0.16664748268243793,0.47875787458714947,0.8729772904131675,0.3,0.16664748268243793,0.47875787458714947,0.8729772904131675,0.00019431294310659172,1.091215502666471,0.0,0.0,0.0,0.0,0.0
s2,500,0.001,generic_collapse,0.3,30,9,0.16664748268243793,0.47875787458714947,0.8729772904131675,0.3,0.16664748268243793,0.47875787458714947,0.8729772904131675,0.00019431294310659172,1.091215502666471,0.0,0.0,0.0,0.0,0.0
s2,500,0.00125,generic_collapse,1.0,30,30,0.8864866068260312,0.9999999999999999,1.629873761814151,1.0,0.8864866068260312,0.9999999999999999,1.629873761814151,0.0028958757330137053,1.931390739892098,0.0,0.0,0.0,0.0,0.0
s2,500,0.0015,generic_collapse,1.0,30,30,0.8864866068260312,0.9999999999999999,1.629873761814151,1.0,0.8864866068260312,0.9999999999999999,1.629873761814151,0.0028958757330137053,1.931390739892098,0.0,0.0,0.0,0.0,0.0
s2,500,0.00175,generic_collapse,1.0,30,30,0.8864866068260312,0.9999999999999999,1.629873761814151,1.0,0.8864866068260312,0.9999999999999999,1.629873761814151,0.0028958757330137053,1.931390739892098,0.0,0.0,0.0,0.0,0.0
s2,500,0.002,generic_collapse,1.0,30,30,0.8864866068260312,0.9999999999999999,1.629873761814151,1.0,0.8864866068260312,0.9999999999999999,1.629873761814151,0.0028958757330137053,1.931390739892098,0.0,0.0,0.0,0.0,0.0
s2,500,0.0025,generic_collapse,1.0,30,30,0.8864866068260312,0.9999999999999999,1.629873761814151,1.0,0.8864866068260312,0.9999999999999999,1.629873761814151,0.0028958757330137053,1.931390739892098,0.0,0.0,0.0,0.0,0.0
s2,500,0.003,generic_collapse,1.0,30,30,0.8864866068260312,0.9999999999999999,2.479209575528939,1.0,0.8864866068260312,0.9999999999999999,2.479209575528939,0.00511498827575178,2.5659925232847964,0.0,0.0,0.0,0.0,0.0
s2,500,0.005,generic_collapse,1.0,30,30,0.8864866068260312,0.9999999999999999,2.479209575528939,1.0,0.8864866068260312,0.9999999999999999,2.479209575528939,0.00511498827575178,2.5659925232847964,0.0,0.0,0.0,0.0,0.0
s2,1000,0.0,generic_collapse,0.3,30,9,0.16664748268243793,0.47875787458714947,0.8451707252811987,0.3,0.16664748268243793,0.47875787458714947,0.8451707252811987,0.00018186806373950715,1.0564286337095807,0.0,0.0,0.0,0.0,0.0
s2,1000,0.00025,generic_collapse,0.3,30,9,0.16664748268243793,0.47875787458714947,0.8451707252811987,0.3,0.16664748268243793,0.47875787458714947,0.8451707252811987,0.00018186806373950715,1.0564286337095807,0.0,0.0,0.0,0.0,0.0
s2,1000,0.0005,generic_collapse,0.3,30,9,0.16664748268243793,0.47875787458714947,0.8451707252811987,0.3,0.16664748268243793,0.47875787458714947,0.8451707252811987,0.00018186806373950715,1.0564286337095807,0.0,0.0,0.0,0.0,0.0
s2,1000,0.00075,generic_collapse,1.0,30,30,0.8864866068260312,0.9999999999999999,1.6629314482701054,1.0,0.8864866068260312,0.9999999999999999,1.6629314482701054,0.0021846826644376675,2.006310438225103,0.0,0.0,0.0,0.0,0.0
s2,1000,0.001,generic_collapse,1.0,30,30,0.8864866068260312,0.9999999999999999,1.6629314482701054,1.0,0.8864866068260312,0.9999999999999999,1.6629314482701054,0.0021846826644376675,2.006310438225103,0.0,0.0,0.0,0.0,0.0
s2,1000,0.00125,generic_collapse,1.0,30,30,0.8864866068260312,0.9999999999999999,1.6629314482701054,1.0,0.8864866068260312,0.9999999999999999,1.6629314482701054,0.0021846826644376675,2.006310438225103,0.0,0.0,0.0,0.0,0.0
s2,1000,0.0015,generic_collapse,1.0,30,30,0.8864866068260312,0.9999999999999999,2.481694141138027,1.0,0.8864866068260312,0.9999999999999999,2.481694141138027,0.0037838139028208793,2.6203022356576935,0.0,0.0,0.0,0.0,0.0
s2,1000,0.00175,generic_collapse,1.0,30,30,0.8864866068260312,0.9999999999999999,2.481694141138027,1.0,0.8864866068260312,0.9999999999999999,2.481694141138027,0.0037838139028208793,2.6203022356576935,0.0,0.0,0.0,0.0,0.0
s2,1000,0.002,generic_collapse,1.0,30,30,0.8864866068260312,0.9999999999999999,2.481694141138027,1.0,0.8864866068260312,0.9999999999999999,2.481694141138027,0.0037838139028208793,2.6203022356576935,0.0,0.0,0.0,0.0,0.0
s2,1000,0.0025,generic_collapse,1.0,30,30,0.8864866068260312,0.9999999999999999,2.481694141138027,1.0,0.8864866068260312,0.9999999999999999,2.481694141138027,0.0037838139028208793,2.6203022356576935,0.0,0.0,0.0,0.0,0.0
s2,1000,0.003,generic_collapse,1.0,30,30,0.8864866068260312,0.9999999999999999,2.496016615387005,1.0,0.8864866068260312,0.9999999999999999,2.496016615387005,0.00391176045666847,2.637819557068973,0.0,0.0,0.0,0.0,0.0
s2,1000,0.005,generic_collapse,1.0,30,30,0.8864866068260312,0.9999999999999999,3.010723787509624,1.0,0.8864866068260312,0.9999999999999999,3.010723787509624,0.0054640497815441925,3.1931357610882953,0.0,0.0,0.0,0.0,0.0
s2,2000,0.0,generic_collapse,0.26666666666666666,30,8,0.14182663319596317,0.4444796169518888,0.8729471953841804,0.26666666666666666,0.14182663319596317,0.4444796169518888,0.8729471953841804,0.00019658804463088512,1.0911533121089283,0.0,0.0,0.0,0.0,0.0
s2,2000,0.00025,generic_collapse,0.26666666666666666,30,8,0.14182663319596317,0.4444796169518888,0.8729471953841804,0.26666666666666666,0.14182663319596317,0.4444796169518888,0.8729471953841804,0.00019658804463088512,1.0911533121089283,0.0,0.0,0.0,0.0,0.0
s2,2000,0.0005,generic_collapse,1.0,30,30,0.8864866068260312,0.9999999999999999,1.6209731175995772,1.0,0.8864866068260312,0.9999999999999999,1.6209731175995772,0.001641998356866986,1.9746813656879743,0.0,0.0,0.0,0.0,0.0
s2,2000,0.00075,generic_collapse,1.0,30,30,0.8864866068260312,0.9999999999999999,2.364979620676389,1.0,0.8864866068260312,0.9999999999999999,2.364979620676389,0.0029571729870165467,2.5432292299390857,0.0,0.0,0.0,0.0,0.0
s2,2000,0.001,generic_collapse,1.0,30,30,0.8864866068260312,0.9999999999999999,2.364979620676389,1.0,0.8864866068260312,0.9999999999999999,2.364979620676389,0.0029571729870165467,2.5432292299390857,0.0,0.0,0.0,0.0,0.0
s2,2000,0.00125,generic_collapse,1.0,30,30,0.8864866068260312,0.9999999999999999,2.364979620676389,1.0,0.8864866068260312,0.9999999999999999,2.364979620676389,0.0029571729870165467,2.5432292299390857,0.0,0.0,0.0,0.0,0.0
s2,2000,0.0015,generic_collapse,1.0,30,30,0.8864866068260312,0.9999999999999999,2.380346263415262,1.0,0.8864866068260312,0.9999999999999999,2.380346263415262,0.0029822497698972776,2.561897248232895,0.0,0.0,0.0,0.0,0.0
s2,2000,0.00175,generic_collapse,1.0,30,30,0.8864866068260312,0.9999999999999999,2.990911133502393,1.0,0.8864866068260312,0.9999999999999999,2.990911133502393,0.003940745478754151,3.213723412913181,0.0,0.0,0.0,0.0,0.0
s2,2000,0.002,generic_collapse,1.0,30,30,0.8864866068260312,0.9999999999999999,2.990911133502393,1.0,0.8864866068260312,0.9999999999999999,2.990911133502393,0.003940745478754151,3.213723412913181,0.0,0.0,0.0,0.0,0.0
s2,2000,0.0025,generic_collapse,1.0,30,30,0.8864866068260312,0.9999999999999999,2.983508757433106,1.0,0.8864866068260312,0.9999999999999999,2.983508757433106,0.004012055426301277,3.2056172031147563,0.0,0.0,0.0,0.0,0.0
s2,2000,0.003,generic_collapse,1.0,30,30,0.8864866068260312,0.9999999999999999,3.321408907215965,1.0,0.8864866068260312,0.9999999999999999,3.321408907215965,0.004994408450743962,3.582070274632961,0.0,0.0,0.0,0.0,0.0
s2,2000,0.005,generic_collapse,1.0,30,30,0.8864866068260312,0.9999999999999999,3.5556401054982323,1.0,0.8864866068260312,0.9999999999999999,3.5556401054982323,0.00718484810665429,3.8382965224451646,0.0,0.0,0.0,0.0,0.0
s3,500,0.0,spoof_liquidity_failure,0.0,30,0,0.0,0.11351339317396876,0.0,0.0,0.0,0.11351339317396876,0.11347884793568849,0.009077140869056997,0.1359098624253014,0.0,0.0,0.0,0.0,0.0
s3,500,0.15,spoof_liquidity_failure,1.0,30,30,0.8864866068260312,0.9999999999999999,1.105283188184574,0.0,0.0,0.11351339317396876,1.3624769088011583,0.006674470374719617,2.2146398565069316,0.49737743468305823,84.85281374238565,0.0,0.0,0.0
s3,500,0.25,spoof_liquidity_failure,1.0,30,30,0.8864866068260312,0.9999999999999999,1.1083048590768683,0.0,0.0,0.11351339317396876,1.5220465254847975,0.0034965801638504115,2.4731329541674483,0.4987371865845906,141.42135623730945,0.0,0.0,0.0
s3,500,0.35,spoof_liquidity_failure,1.0,30,30,0.8864866068260312,0.9999999999999999,1.1094475558537467,0.0,0.0,0.11351339317396876,1.6297476698847426,0.0021147593059955357,2.6426645023668067,0.49925140013418595,197.98989873223323,0.0,0.0,0.0
s3,500,0.45,spoof_liquidity_failure,1.0,30,30,0.8864866068260312,0.9999999999999999,1.1101451631314319,0.0,0.0,0.11351339317396876,1.708847648195392,0.001472310608742572,2.769315949705059,0.49956532340914445,254.5584412271571,0.0,0.0,0.0
s3,500,0.6,spoof_liquidity_failure,1.0,30,30,0.8864866068260312,0.9999999999999999,1.1108643517287298,0.0,0.0,0.11351339317396876,1.806290931284583,0.00040447503996424687,2.9144298396615294,0.49988895827792845,339.4112549695426,0.0,0.0,0.0
s3,500,0.75,spoof_liquidity_failure,1.0,30,30,0.8864866068260312,0.9999999999999999,1.1110247283772385,1.0,0.8864866068260312,0.9999999999999999,1.875327971728585,0.00013451219518729177,3.0261198747108304,0.49996112776975743,424.2640687119286,0.0,0.0,0.0
s3,500,0.9,spoof_liquidity_failure,1.0,30,30,0.8864866068260312,0.9999999999999999,1.1111111111111112,1.0,0.8864866068260312,0.9999999999999999,1.9420970387054737,0.00014533260084050706,3.11731994037166,0.5,509.1168824543142,0.0,0.0,0.0
s3,500,1.0,spoof_liquidity_failure,1.0,30,30,0.8864866068260312,0.9999999999999999,1.1111111111111112,1.0,0.8864866068260312,0.9999999999999999,2.667131152871272,0.0,3.1699021718399525,0.5,565.6854249492378,0.0,0.0,0.0
s3,1000,0.0,spoof_liquidity_failure,0.0,30,0,0.0,0.11351339317396876,0.0,0.0,0.0,0.11351339317396876,0.11838341155035675,0.017072923440969116,0.13445396642666171,0.0,0.0,0.0,0.0,0.0
s3,1000,0.15,spoof_liquidity_failure,1.0,30,30,0.8864866068260312,0.9999999999999999,1.103543214921847,0.0,0.0,0.11351339317396876,1.46831869354417,0.016219303703825818,2.3815629525508317,0.4965944467148312,120.0,0.0,0.0,0.0
s3,1000,0.25,spoof_liquidity_failure,1.0,30,30,0.8864866068260312,0.9999999999999999,1.107181798813303,0.0,0.0,0.11351339317396876,1.6299739417465366,0.01200126212900207,2.6422752004921195,0.4982318094659861,200.0,0.0,0.0,0.0
s3,1000,0.35,spoof_liquidity_failure,1.0,30,30,0.8864866068260312,0.9999999999999999,1.108696154444371,0.0,0.0,0.11351339317396876,1.7389767144120278,0.008128889679644907,2.8130499626777046,0.498913269499967,280.0,0.0,0.0,0.0
s3,1000,0.45,spoof_liquidity_failure,1.0,30,30,0.8864866068260312,0.9999999999999999,1.1096831613798845,0.0,0.0,0.11351339317396876,1.815078606670388,0.0041583329316986165,2.940654919402419,0.49935742262094807,360.0,0.0,0.0,0.0
s3,1000,0.6,spoof_liquidity_failure,1.0,30,30,0.8864866068260312,0.9999999999999999,1.1104788351628696,1.0,0.8864866068260312,0.9999999999999999,1.907300880184368,0.0016674895079687778,3.086176451502392,0.4997154758232913,480.0,0.0,0.0,0.0
s3,1000,0.75,spoof_liquidity_failure,1.0,30,30,0.8864866068260312,0.9999999999999999,1.1109074639737717,1.0,0.8864866068260312,0.9999999999999999,1.9806306709927926,0.0003622398484232649,3.1987110922739683,0.4999083587881973,600.0,0.0,0.0,0.0
s3,1000,0.9,spoof_liquidity_failure,1.0,30,30,0.8864866068260312,0.9999999999999999,1.1111059677925392,1.0,0.8864866068260312,0.9999999999999999,2.0417931983063595,5.953042966224797e-05,3.2903043377969037,0.49999768550664264,720.0,0.0,0.0,0.0
s3,1000,1.0,spoof_liquidity_failure,1.0,30,30,0.8864866068260312,0.9999999999999999,1.1111111111111112,1.0,0.8864866068260312,0.9999999999999999,2.7697601546506587,0.0,3.34293047353418,0.5,800.0,0.0,0.0,0.0
s3,2000,0.0,spoof_liquidity_failure,0.0,30,0,0.0,0.11351339317396876,0.0,0.0,0.0,0.11351339317396876,0.12145843914826983,0.020752697850025998,0.13554992633754137,0.0,0.0,0.0,0.0,0.0
s3,2000,0.15,spoof_liquidity_failure,1.0,30,30,0.8864866068260312,0.9999999999999999,1.1021129073577562,0.0,0.0,0.11351339317396876,1.5777093152848847,0.018882183029033363,2.5491576934360523,0.49595080831099025,169.7056274847713,0.0,0.0,0.0
s3,2000,0.25,spoof_liquidity_failure,1.0,30,30,0.8864866068260312,0.9999999999999999,1.106418577862923,0.0,0.0,0.11351339317396876,1.7405004078805766,0.017940204050932836,2.8122826977814426,0.4978883600383154,282.8427124746189,0.0,0.0,0.0
s3,2000,0.35,spoof_liquidity_failure,1.0,30,30,0.8864866068260312,0.9999999999999999,1.1081891748432653,0.0,0.0,0.11351339317396876,1.8450524583512722,0.015843855904867737,2.9840746564102787,0.4986851286794695,395.97979746446646,0.0,0.0,0.0
s3,2000,0.45,spoof_liquidity_failure,1.0,30,30,0.8864866068260312,0.9999999999999999,1.1092880882530725,1.0,0.8864866068260312,0.9999999999999999,1.924437291436073,0.01357467618707705,3.112205289415255,0.4991796397138826,509.1168824543142,0.0,0.0,0.0
s3,2000,0.6,spoof_liquidity_failure,1.0,30,30,0.8864866068260312,0.9999999999999999,1.1102284011531482,1.0,0.8864866068260312,0.9999999999999999,2.0130273639284946,0.005415356362250463,3.2583252760290287,0.4996027805189167,678.8225099390852,0.0,0.0,0.0
s3,2000,0.75,spoof_liquidity_failure,1.0,30,30,0.8864866068260312,0.9999999999999999,1.1107439641928187,1.0,0.8864866068260312,0.9999999999999999,2.0825496967574826,0.0008089116109039137,3.3712262014591903,0.49983478388676844,848.5281374238572,0.0,0.0,0.0
s3,2000,0.9,spoof_liquidity_failure,1.0,30,30,0.8864866068260312,0.9999999999999999,1.111051960625983,1.0,0.8864866068260312,0.9999999999999999,2.145170924238762,7.539249756128994e-05,3.4632188307701974,0.49997338228169236,1018.2337649086284,0.0,0.0,0.0
s3,2000,1.0,spoof_liquidity_failure,1.0,30,30,0.8864866068260312,0.9999999999999999,1.1111111111111112,1.0,0.8864866068260312,0.9999999999999999,2.874154313971322,0.0,3.5160344055147035,0.5,1131.3708498984756,0.0,0.0,0.0
s4,500,0.0,fake_liquidity_failure,0.0,30,0,0.0,0.11351339317396876,0.0,0.16666666666666666,0.0733654237184855,0.3356435050641603,0.7943462001682519,0.0002094116294221332,0.9928839650790798,0.0,0.0,0.0,0.0,0.04990999908337148
s4,500,0.005,fake_liquidity_failure,0.0,30,0,0.0,0.11351339317396876,0.44218555856740166,0.5,0.33154125640533766,0.6684587435946623,0.956962514045891,0.0003328383134471607,1.1960897720446215,0.0,0.0,0.25921571737689414,0.3537484468539214,0.07365775615337841
s4,500,0.01,fake_liquidity_failure,0.0,30,0,0.0,0.11351339317396876,0.4503257436325681,0.4666666666666667,0.30232388907699753,0.638577003801267,0.9534277548190676,0.0002465231789906042,1.1916967031990933,0.0,0.0,0.2624125211483251,0.36026059490605444,0.07326341621009105
s4,500,0.015,fake_liquidity_failure,0.13333333333333333,30,4,0.053096554840547455,0.296813266820363,0.8533238819754266,0.5333333333333333,0.36142299619873297,0.6976761109230025,0.9826387500132788,0.000273811580769555,1.2281389261166884,0.0,0.0,0.42318136113770494,0.7932467599413074,0.07495313193751667
s4,500,0.02,fake_liquidity_failure,0.23333333333333334,30,7,0.11792388144489496,0.40928326158122164,0.8630801045761728,0.5666666666666667,0.3919730700081361,0.7262251442353347,0.9918777697087388,0.0002644066244253356,1.2401603718155865,0.0,0.0,0.41471185819429485,0.7266425196475537,0.07418442683174489
s4,500,0.03,fake_liquidity_failure,0.7333333333333333,30,22,0.555520383048111,0.8581733668040368,1.0642025588499338,0.5666666666666667,0.3919730700081361,0.7262251442353347,0.9931098689750659,0.00026353911379197316,1.2416792063150506,0.0,0.0,0.5146595142303516,1.1111753403823479,0.0745598643863327
s4,500,0.05,fake_liquidity_failure,0.8333333333333334,30,25,0.6643564949358397,0.9266345762815146,1.2314529083859782,0.5666666666666667,0.3919730700081361,0.7262251442353347,0.9953658289357905,0.00024597659937615853,1.2452014822209136,0.0,0.0,0.6922795397512094,2.3711288112177527,0.07396511852875089
s4,500,0.075,fake_liquidity_failure,0.9,30,27,0.7437891742081593,0.9654001112526658,1.2533079212071967,0.6333333333333333,0.4551356365479487,0.7812607919389929,0.9998837671721311,0.00023856028454785446,1.2497490301929421,0.0,0.0,0.759272509056946,3.412715613231805,0.0751984752724318
s4,500,0.1,fake_liquidity_failure,0.8666666666666667,30,26,0.703186733179637,0.9469034451594526,1.2532781378279472,0.5666666666666667,0.3919730700081361,0.7262251442353347,0.9868543614599928,0.0003139566923460889,1.2306428832560072,0.0,0.0,0.8126685668167103,4.574122591300218,0.07519668826967682
s4,500,0.15,fake_liquidity_failure,0.9333333333333333,30,28,0.7867654163738308,0.9815229762087295,1.261285817307654,0.6333333333333333,0.4551356365479487,0.7812607919389929,0.9919195597968046,0.0002706325274733863,1.2425322449895437,0.0,0.0,0.8838014440866072,8.226953537155252,0.07567714903845922
s4,500,0.2,fake_liquidity_failure,0.9,30,27,0.7437891742081593,0.9654001112526658,1.2449825681780429,0.7,0.5212421254128504,0.8333525173175619,0.9991748914156457,0.00026346377218271373,1.2417361712805013,0.0,0.0,0.916620462849391,11.712294620336033,0.07469895409068258
s4,1000,0.0,fake_liquidity_failure,0.0,30,0,0.0,0.11351339317396876,0.0,0.2,0.0950510717728987,0.3730569641314825,0.7965686580709405,0.0002043956219220286,0.9956213917055527,0.0,0.0,0.0,0.0,0.04672838763993052
s4,1000,0.005,fake_liquidity_failure,0.0,30,0,0.0,0.11351339317396876,0.20574775359564,0.26666666666666666,0.14182663319596317,0.4444796169518888,0.9039679117787572,0.00036698839322040156,1.1297224370437544,0.0,0.0,0.14068978265055118,0.164598202876512,0.07436633345898631
s4,1000,0.01,fake_liquidity_failure,0.0,30,0,0.0,0.11351339317396876,0.392207834251117,0.43333333333333335,0.2737748557646652,0.6080269299918639,0.9530494862771224,0.00031024740322083485,1.1911945067690097,0.0,0.0,0.23713560720740737,0.31376626740089353,0.07531601690548591
s4,1000,0.015,fake_liquidity_failure,0.0,30,0,0.0,0.11351339317396876,0.610765860797147,0.5333333333333333,0.36142299619873297,0.6976761109230025,0.9865974797232258,0.00026629015678862605,1.2328994367914334,0.0,0.0,0.3259803094188635,0.4886126886377177,0.07706684111783951
s4,1000,0.02,fake_liquidity_failure,0.43333333333333335,30,13,0.2737748557646652,0.6080269299918639,0.9768915039545318,0.5333333333333333,0.36142299619873297,0.6976761109230025,0.9884075386539916,0.00030935764101930726,1.2350582725678445,0.0,0.0,0.4490167207949441,0.8248100367799712,0.07627423619348646
s4,1000,0.03,fake_liquidity_failure,0.9,30,27,0.7437891742081593,0.9654001112526658,1.1334143008031872,0.5333333333333333,0.36142299619873297,0.6976761109230025,0.9823432710889647,0.0002451453121068641,1.2275786556973591,0.0,0.0,0.5281966765638443,1.1335575474663138,0.07688754004791669
s4,1000,0.05,fake_liquidity_failure,0.9333333333333333,30,28,0.7867654163738308,0.9815229762087295,1.2899070236766466,0.5,0.33154125640533766,0.6684587435946623,0.9808475221384728,0.0003107175319787965,1.22369776718435,0.0,0.0,0.6701076179507358,2.0952120469742272,0.07746228292097869
s4,1000,0.075,fake_liquidity_failure,0.9,30,27,0.7437891742081593,0.9654001112526658,1.2861361161213452,0.5,0.33154125640533766,0.6684587435946623,0.9892816206698007,0.0002914546936960102,1.2361028480792375,0.0,0.0,0.7407719164982944,2.947344617513613,0.07716816696728071
s4,1000,0.1,fake_liquidity_failure,0.9666666666666667,30,29,0.8332960900859082,0.9940914096183874,1.2999254399895965,0.5,0.33154125640533766,0.6684587435946623,0.9845458880706061,0.00028431797073844966,1.2269660599142482,0.0,0.0,0.8157613561844675,4.645140009883509,0.07799552639937578
s4,1000,0.15,fake_liquidity_failure,0.9666666666666667,30,29,0.8332960900859082,0.9940914096183874,1.2851373750694421,0.6,0.42320360253322475,0.7540937188319815,0.9919738235939936,0.00028340864654607777,1.2352475329974477,0.0,0.0,0.8654468293157913,6.680006206958198,0.07710824250416651
s4,1000,0.2,fake_liquidity_failure,0.9666666666666667,30,29,0.8332960900859082,0.9940914096183874,1.297665053304963,0.6333333333333333,0.4551356365479487,0.7812607919389929,0.9858507630964053,0.0002789909528579912,1.2238736443275646,0.0,0.0,0.90231525430439,9.546073153267043,0.07785990319829778
s4,2000,0.0,fake_liquidity_failure,0.0,30,0,0.0,0.11351339317396876,0.0,0.16666666666666666,0.0733654237184855,0.3356435050641603,0.8128947121133844,0.00015770478455695013,1.0160043812746695,0.0,0.0,0.0,0.0,0.041875732527064766
s4,2000,0.005,fake_liquidity_failure,0.0,30,0,0.0,0.11351339317396876,0.18574267834623603,0.3333333333333333,0.19230498083676134,0.5121994835545616,0.9029455720964783,0.00033953157422100035,1.1284607054008577,0.0,0.0,0.12910194372808842,0.14859414267698884,0.07543445868666653
s4,2000,0.01,fake_liquidity_failure,0.0,30,0,0.0,0.11351339317396876,0.470024263255607,0.5,0.33154125640533766,0.6684587435946623,0.9736036452289845,0.00021672001034955208,1.2163719496811078,0.0,0.0,0.2724969743018832,0.3760194106044857,0.07863330288281517
s4,2000,0.015,fake_liquidity_failure,0.0,30,0,0.0,0.11351339317396876,0.6631574751884208,0.5,0.33154125640533766,0.6684587435946623,0.9761006445054682,0.0002362482803342659,1.2195642284745098,0.0,0.0,0.34554903003205795,0.5305259801507367,0.0784413364797898
s4,2000,0.02,fake_liquidity_failure,0.16666666666666666,30,5,0.0733654237184855,0.3356435050641603,0.9244088740166087,0.5333333333333333,0.36142299619873297,0.6976761109230025,0.9805025080849012,0.0002445949611578035,1.2247431341985515,0.0,0.0,0.42962009504814985,0.7580401864888269,0.07825241511889777
s4,2000,0.03,fake_liquidity_failure,0.9666666666666667,30,29,0.8332960900859082,0.9940914096183874,1.136197223096787,0.5333333333333333,0.36142299619873297,0.6976761109230025,0.9741284874836346,0.00023897712640379173,1.2159963382306573,0.0,0.0,0.5199968685318822,1.0895886831039752,0.07915008848579673
s4,2000,0.05,fake_liquidity_failure,0.9666666666666667,30,29,0.8332960900859082,0.9940914096183874,1.3074598949609242,0.5333333333333333,0.36142299619873297,0.6976761109230025,0.976104356534292,0.0002630511136182764,1.2163948016400201,0.0,0.0,0.6580898568597298,1.9643758866201528,0.07950165183675309
s4,2000,0.075,fake_liquidity_failure,0.9666666666666667,30,29,0.8332960900859082,0.9940914096183874,1.3248395248264286,0.5,0.33154125640533766,0.6684587435946623,0.984570985739823,0.00022674109664100244,1.2260392700476084,0.0,0.0,0.7347222487766556,2.8029693860910383,0.07953949110721299
s4,2000,0.1,fake_liquidity_failure,0.9666666666666667,30,29,0.8332960900859082,0.9940914096183874,1.3195931154627634,0.5,0.33154125640533766,0.6684587435946623,0.978131229001894,0.00025779224685015226,1.215263960942022,0.0,0.0,0.7977938809358988,3.9875559633204216,0.07917558692776581
s4,2000,0.15,fake_liquidity_failure,0.9666666666666667,30,29,0.8332960900859082,0.9940914096183874,1.3282056933037842,0.5333333333333333,0.36142299619873297,0.6976761109230025,0.9815916242860876,0.00030818598416238737,1.2160458651462323,0.0,0.0,0.8587537238413547,6.180230003112041,0.07969234159822706
s4,2000,0.2,fake_liquidity_failure,0.9666666666666667,30,29,0.8332960900859082,0.9940914096183874,1.3004765440906012,0.6,0.42320360253322475,0.7540937188319815,0.9945581244995008,0.00027596197180656406,1.2338851005078442,0.0,0.0,0.8988493416107157,9.01212818259882,0.0780285926454361
