scenario,n_society,alpha,seed,placement,feedback_strength,defense,defense_mode,label,collapse_rate,collapse_day,max_collapse_score,retail_loss_pct_30d,harmful_profit,wealth_transfer,price_dislocation_max,liquidity_stress_max,social_cascade_peak,intervention_cost,utility_loss,false_positive_rate,scenario_id
s1,1000,0.0,1,,nan,noguard,,noguard,0.0,-1,0.48068931787854474,-5.003459492437542e-05,0,0.0,0.15021541183704526,0.6008616473481809,0.0,0.0,0.0,0.0,s1
s1,1000,0.0,2,,nan,noguard,,noguard,0.0,-1,0.5720103271809129,-0.0002918273130632937,0,0.0,0.17875322724403528,0.7150129089761412,0.0,0.0,0.0,0.0,s1
s1,1000,0.0,3,,nan,noguard,,noguard,0.0,-1,0.7993813981008916,0.0006077014452580363,0,0.0,0.24980668690652863,0.9992267476261145,0.0,0.0,0.0,0.0,s1
s1,1000,0.0,4,,nan,noguard,,noguard,0.0,-1,0.875766576282664,1.9459611194394528e-05,0,0.0,0.27367705508833245,1.09470822035333,0.0,0.0,0.0,0.0,s1
s1,1000,0.0,5,,nan,noguard,,noguard,0.0,-1,0.7079662599465268,0.0007546690074611455,0,0.0,0.2212394562332896,0.8849578249331587,0.0,0.0,0.0,0.0,s1
s1,1000,0.005,1,,nan,noguard,,noguard,0.0,-1,0.7931289381557939,0.00021524303847727315,-2084.0283295578847,-0.9730864461605662,0.23718235944799082,0.9487294377919633,0.06733668341708543,0.0,0.0,0.0,s1
s1,1000,0.005,2,,nan,noguard,,noguard,0.0,-1,0.7488834238181101,-4.421744887309907e-05,-2179.910309580562,-4.9547513223386295,0.21605200368657834,0.8642080147463134,0.11457286432160804,0.0,0.0,0.0,s1
s1,1000,0.005,3,,nan,noguard,,noguard,0.0,-1,0.8465690639848042,0.0004507447535612026,-6088.636113093904,-1.3575825844050249,0.2644940694684076,1.0579762778736304,0.11557788944723618,0.0,0.0,0.0,s1
s1,1000,0.005,4,,nan,noguard,,noguard,0.0,-1,0.9418227323256909,-0.00023165281271683662,-4208.372767541907,-1.8258014309365853,0.294264958795835,1.1770598351833401,0.06432160804020101,0.0,0.0,0.0,s1
s1,1000,0.005,5,,nan,noguard,,noguard,0.0,-1,0.8766926898677836,0.0005759528910872251,-5652.060240907391,-0.9862720791196607,0.2739147563573494,1.0956590254293976,0.0592964824120603,0.0,0.0,0.0,s1
s1,1000,0.01,1,,nan,noguard,,noguard,0.0,-1,0.9618930530588659,-0.0001310309918153316,-5135.157457899069,-3.9586266297685646,0.2621612142655597,1.0486448570622389,0.24545454545454545,0.0,0.0,0.0,s1
s1,1000,0.01,2,,nan,noguard,,noguard,0.0,-1,0.8721777157717602,-0.00030973974746247436,-854.217072349391,-0.27857113421653545,0.22620435327867316,0.9048174131146929,0.295959595959596,0.0,0.0,0.0,s1
s1,1000,0.01,3,,nan,noguard,,noguard,0.0,-1,0.8622276348853735,0.0006970034919513596,-8302.598496779683,-1.203216802340717,0.26933890521858067,1.0773556208743225,0.25656565656565655,0.0,0.0,0.0,s1
s1,1000,0.01,4,,nan,noguard,,noguard,0.0,-1,0.907978966161916,-0.00011897048491495427,-4774.9284215684165,-4.0540811657900715,0.28365636142550293,1.134625445702012,0.198989898989899,0.0,0.0,0.0,s1
s1,1000,0.01,5,,nan,noguard,,noguard,1.0,4,1.0364488714582343,0.00040343335662601574,-10663.173893888365,-2.669804701122919,0.3237611282799125,1.2950445131196497,0.2222222222222222,0.0,0.0,0.0,s1
s1,1000,0.02,1,,nan,noguard,,noguard,1.0,11,0.9798515942540508,0.0005442624177217332,-1320.3334596875357,-0.24754217756521876,0.23959546202333404,0.9583818480933362,0.42448979591836733,0.0,0.0,0.0,s1
s1,1000,0.02,2,,nan,noguard,,noguard,1.0,9,1.0286247087534077,-0.00042421506239576453,-2982.5406954356004,-0.7174212192527409,0.248968978450395,0.9958759138015802,0.463265306122449,0.0,0.0,0.0,s1
s1,1000,0.02,3,,nan,noguard,,noguard,1.0,9,1.062627499195605,0.000764963972060466,-10710.332441535313,-1.4286830561693438,0.27027967256309093,1.0811186902523637,0.5020408163265306,0.0,0.0,0.0,s1
s1,1000,0.02,4,,nan,noguard,,noguard,1.0,4,1.0655821547714424,-9.999130252349589e-05,-8248.561065499554,-8.417631167921149,0.31951402182846966,1.2780560873138787,0.3653061224489796,0.0,0.0,0.0,s1
s1,1000,0.02,5,,nan,noguard,,noguard,1.0,4,1.055459841277305,0.0008773349547981076,-13382.492982714437,-1.5564870645721527,0.3296193486083511,1.3184773944334047,0.4489795918367347,0.0,0.0,0.0,s1
s1,1000,0.05,1,,nan,noguard,,noguard,1.0,6,2.241372224885191,0.0017078656957427922,39793.161095745396,2.4526248228964844,0.5738308523324636,2.2953234093298547,0.7989473684210526,0.0,0.0,0.0,s1
s1,1000,0.05,2,,nan,noguard,,noguard,1.0,6,1.6091456051228763,0.0008444095686244729,36326.941916426644,4.528476186041797,0.37474156742486664,1.4989662696994666,0.8105263157894737,0.0,0.0,0.0,s1
s1,1000,0.05,3,,nan,noguard,,noguard,1.0,6,1.6598312007501772,0.0014881305310804594,-12700.11649161065,-0.8983448290435505,0.3959601610664116,1.5838406442656465,0.7842105263157895,0.0,0.0,0.0,s1
s1,1000,0.05,4,,nan,noguard,,noguard,1.0,4,1.1350221406320078,0.0004945852131698476,2062.634927698411,0.43899303960580605,0.3235626808885223,1.2942507235540894,0.708421052631579,0.0,0.0,0.0,s1
s1,1000,0.05,5,,nan,noguard,,noguard,1.0,4,1.6316071867169881,0.0016248564386938356,-13375.444069772027,-0.866502078276176,0.39166714264197133,1.5666685705678858,0.7547368421052632,0.0,0.0,0.0,s1
s1,1000,0.1,1,,nan,noguard,,noguard,1.0,5,2.6964318702002474,0.003048125210537058,91145.41589880176,3.322458145154688,0.682380706852934,2.729522827411736,1.0,0.0,0.0,0.0,s1
s1,1000,0.1,2,,nan,noguard,,noguard,1.0,6,2.0256937009281772,0.001856704756224114,84085.59269645996,5.031948995455832,0.47341003986985086,1.8936401594794035,1.0,0.0,0.0,0.0,s1
s1,1000,0.1,3,,nan,noguard,,noguard,1.0,5,2.620836470592374,0.002963282731651225,16695.013773605227,0.6259954578707788,0.6611482511811428,2.6445930047245714,1.0,0.0,0.0,0.0,s1
s1,1000,0.1,4,,nan,noguard,,noguard,1.0,4,1.5641944224522053,0.0018256616199353918,24167.223580290563,1.470835030519926,0.331136266505757,1.324545066023028,1.0,0.0,0.0,0.0,s1
s1,1000,0.1,5,,nan,noguard,,noguard,1.0,4,2.393098563666747,0.0035027392233274875,3998.2498617414385,0.12682930595555858,0.5922171578737987,2.3688686314951948,0.9866666666666667,0.0,0.0,0.0,s1
s1,1000,0.0,1,,nan,random,full,random,0.0,-1,0.4083467157061096,1.2106415348127484e-05,0,0.0,0.12760367567251918,0.5104147026900767,0.0,0.3700000000000001,0.3700000000000001,0.0,s1
s1,1000,0.0,2,,nan,random,full,random,0.0,-1,0.543958552730156,-1.0746396221220494e-06,0,0.0,0.16998704772817375,0.679948190912695,0.0,0.3700000000000001,0.3700000000000001,0.0,s1
s1,1000,0.0,3,,nan,random,full,random,0.0,-1,0.3116242297059286,2.056643359605223e-05,0,0.0,0.09737694376981078,0.38950777507924306,0.0,0.3700000000000001,0.3700000000000001,0.0,s1
s1,1000,0.0,4,,nan,random,full,random,0.0,-1,0.35737888238487314,-5.252206088788807e-06,0,0.0,0.11168090074527284,0.4467236029810915,0.0,0.3700000000000001,0.3700000000000001,0.0,s1
s1,1000,0.0,5,,nan,random,full,random,0.0,-1,0.5072707195266378,2.6450248440727593e-06,0,0.0,0.15852176426282755,0.6340870570513102,0.0,0.3700000000000001,0.3700000000000001,0.0,s1
s1,1000,0.005,1,,nan,random,full,random,0.0,-1,0.6789216625851114,1.2488500310398226e-05,-769.0852670847671,-6.189294134276823,0.20165675627887722,0.806627025115509,0.06733668341708543,0.3700000000000001,0.3700000000000001,0.0,s1
s1,1000,0.005,2,,nan,random,full,random,0.0,-1,0.6629255969648402,-1.6584189073299642e-06,-321.9138296279125,-19.508429723833206,0.18927174921440892,0.7570869968576357,0.11457286432160804,0.3700000000000001,0.3700000000000001,0.0,s1
s1,1000,0.005,3,,nan,random,full,random,0.0,-1,0.8042513128633986,1.5844052243210263e-05,-4506.144298644969,-28.583522512587876,0.2512743299732995,1.0050973198931983,0.11557788944723618,0.3700000000000001,0.3700000000000001,0.0,s1
s1,1000,0.005,4,,nan,random,full,random,1.0,4,0.9648208529862992,-1.2943849733202302e-06,-2532.3777153117117,-196.62645070273075,0.30144765893680914,1.2057906357472365,0.06432160804020101,0.3700000000000001,0.3700000000000001,0.0,s1
s1,1000,0.005,5,,nan,random,full,random,1.0,4,1.1002823116984202,3.2549915698604965e-06,-4090.53940538771,-126.30124507397227,0.3378368726548739,1.3513474906194958,0.0592964824120603,0.3700000000000001,0.3700000000000001,0.0,s1
s1,1000,0.01,1,,nan,random,full,random,0.0,-1,0.8363746543307167,1.3934319032487845e-05,-1468.93663551379,-10.648345109993826,0.2230463752610057,0.8921855010440227,0.24545454545454545,0.3700000000000001,0.3700000000000001,0.0,s1
s1,1000,0.01,2,,nan,random,full,random,0.0,-1,0.818853650621878,3.979409196122427e-06,-627.5344305278268,-15.928825886188628,0.20966511759742948,0.8386604703897178,0.295959595959596,0.3700000000000001,0.3700000000000001,0.0,s1
s1,1000,0.01,3,,nan,random,full,random,0.0,-1,0.8995365555287224,1.5320311659815335e-05,-7687.535638352914,-50.6855714551527,0.2677389065870582,1.0709556263482325,0.25656565656565655,0.3700000000000001,0.3700000000000001,0.0,s1
s1,1000,0.01,4,,nan,random,full,random,1.0,4,1.023333432763692,5.166673141559868e-06,-4334.294923498586,-84.7368424583526,0.31967617957078426,1.2787047182831373,0.198989898989899,0.3700000000000001,0.3700000000000001,0.0,s1
s1,1000,0.01,5,,nan,random,full,random,1.0,4,1.172537619864757,3.3393313963380126e-06,-6941.192179519741,-209.96134853602373,0.3546682802784207,1.4186731211136827,0.2222222222222222,0.3700000000000001,0.3700000000000001,0.0,s1
s1,1000,0.02,1,,nan,random,full,random,1.0,11,0.9887033931361502,5.57243686074353e-06,-2245.559026777046,-41.12001300830628,0.2426978471927612,0.9707913887710449,0.42448979591836733,0.3700000000000001,0.3700000000000001,0.0,s1
s1,1000,0.02,2,,nan,random,full,random,1.0,9,0.963584148637888,2.9107924662910555e-06,-864.0317157348618,-30.28951827607974,0.2287614709523431,0.9150458838093725,0.463265306122449,0.3700000000000001,0.3700000000000001,0.0,s1
s1,1000,0.02,3,,nan,random,full,random,1.0,9,1.1227113153370414,2.4259684617270013e-05,-10997.611443800735,-46.25803125934066,0.2724827049293105,1.089930819717242,0.5020408163265306,0.3700000000000001,0.3700000000000001,0.0,s1
s1,1000,0.02,4,,nan,random,full,random,1.0,4,1.0347818759742968,3.7294029674435756e-06,-5960.827214084216,-163.09518714291505,0.32318214516289623,1.292728580651585,0.3653061224489796,0.3700000000000001,0.3700000000000001,0.0,s1
s1,1000,0.02,5,,nan,random,full,random,1.0,4,1.291918001803199,4.4554866508257635e-06,-10321.030511747347,-236.3751619712606,0.36007961568012026,1.440318462720481,0.4489795918367347,0.3700000000000001,0.3700000000000001,0.0,s1
s1,1000,0.05,1,,nan,random,full,random,1.0,6,1.2656255544904194,5.290424113799082e-06,-3197.4789323210716,-63.61999009495478,0.2707618274620521,1.083047309848208,0.7989473684210526,0.3700000000000001,0.3700000000000001,0.0,s1
s1,1000,0.05,2,,nan,random,full,random,1.0,6,1.1955825437658734,1.7839133078722577e-06,-1620.7682191771455,-95.63647527777293,0.2470305834001156,0.9881223336004625,0.8105263157894737,0.3700000000000001,0.3700000000000001,0.0,s1
s1,1000,0.05,3,,nan,random,full,random,1.0,6,1.4161116683654784,1.8180238589644432e-05,-20382.50687891245,-118.0142399840465,0.32532519101191876,1.3013007640476753,0.7842105263157895,0.3700000000000001,0.3700000000000001,0.0,s1
s1,1000,0.05,4,,nan,random,full,random,1.0,4,1.2008868413484466,1.5207804480665608e-06,-11468.680040483829,-793.8223295022456,0.32356400001655633,1.294256000066225,0.708421052631579,0.3700000000000001,0.3700000000000001,0.0,s1
s1,1000,0.05,5,,nan,random,full,random,1.0,4,1.4496732997966038,2.119230316853837e-06,-20436.717163192574,-1015.1012697821785,0.36035192854870535,1.4414077141948214,0.7547368421052632,0.3700000000000001,0.3700000000000001,0.0,s1
s1,1000,0.1,1,,nan,random,full,random,1.0,5,1.3929298318332406,1.8762191887531016e-05,-5682.440677119419,-33.65184095986768,0.279208494154887,1.116833976619548,1.0,0.3700000000000001,0.3700000000000001,0.0,s1
s1,1000,0.1,2,,nan,random,full,random,1.0,6,1.2825628497994868,5.3598489481955765e-06,83.91542464494705,1.7395893357777814,0.24458334220543249,0.9783333688217299,1.0,0.3700000000000001,0.3700000000000001,0.0,s1
s1,1000,0.1,3,,nan,random,full,random,1.0,5,1.6649584777076336,1.5369352964063486e-05,-30252.664862622507,-218.70843976435933,0.36484510492875083,1.4593804197150035,1.0,0.3700000000000001,0.3700000000000001,0.0,s1
s1,1000,0.1,4,,nan,random,full,random,1.0,4,1.3497062637912258,-6.782392689751255e-07,-15828.61729069706,-2593.089688215027,0.323564149955321,1.294256599821284,1.0,0.3700000000000001,0.3700000000000001,0.0,s1
s1,1000,0.1,5,,nan,random,full,random,1.0,4,1.6499685946501326,-1.363864644534058e-08,-31844.641045867465,-259431.4225917653,0.3741985264306042,1.496794105722417,0.9866666666666667,0.3700000000000001,0.3700000000000001,0.0,s1
s1,1000,0.0,1,,nan,rule,full,rule,0.0,-1,0.49130506209012986,-5.75357453096658e-05,0,0.0,0.15353283190316563,0.6141313276126623,0.0,5.6199999999999966,5.6199999999999966,765.625,s1
s1,1000,0.0,2,,nan,rule,full,rule,0.0,-1,0.48472510300952965,-0.00011230234485194086,0,0.0,0.15147659469047803,0.6059063787619121,0.0,5.069999999999997,5.069999999999997,650.7936507936508,s1
s1,1000,0.0,3,,nan,rule,full,rule,0.0,-1,0.5396111302420172,3.3220712071098385e-05,0,0.0,0.16862847820063037,0.6745139128025215,0.0,4.369999999999999,4.369999999999999,483.8709677419355,s1
s1,1000,0.0,4,,nan,rule,full,rule,0.0,-1,0.8905726082781384,0.0007799366294063628,0,0.0,0.2783039400869182,1.1132157603476731,0.0,5.509999999999993,5.509999999999993,493.82716049382714,s1
s1,1000,0.0,5,,nan,rule,full,rule,0.0,-1,0.4685895319014108,-3.0060320578143e-05,0,0.0,0.14643422871919087,0.5857369148767635,0.0,5.039999999999996,5.039999999999996,562.5,s1
s1,1000,0.005,1,,nan,rule,full,rule,0.0,-1,0.7544402154023127,-9.604191633100486e-05,-1382.8168092609558,-1.4470407198648783,0.22527451336420612,0.9010980534568245,0.06733668341708543,7.739999999999989,7.739999999999989,729.6,s1
s1,1000,0.005,2,,nan,rule,full,rule,0.0,-1,0.8407599436867687,0.00028380627234714413,-1720.1150935990736,-0.6091334323734392,0.24477792593816414,0.9791117037526567,0.11457286432160804,7.399999999999989,7.399999999999989,669.5176470588235,s1
s1,1000,0.005,3,,nan,rule,full,rule,0.0,-1,0.7704033769960265,-6.952109882261735e-05,-5810.060980503098,-8.399259168408879,0.24072122341873392,0.9628848936749359,0.11557788944723618,6.289999999999992,6.289999999999992,490.13953488372096,s1
s1,1000,0.005,4,,nan,rule,full,rule,0.0,-1,0.9460963398747023,0.0006658233045756667,-4099.861204044602,-0.6188524032331466,0.28548454693672104,1.1419381877468844,0.06432160804020101,7.3299999999999885,7.3299999999999885,666.3295454545455,s1
s1,1000,0.005,5,,nan,rule,full,rule,1.0,4,1.0112272728968856,-7.525779580014135e-05,-4302.955262403673,-5.746352397370371,0.31001815584489645,1.2400726233795858,0.0592964824120603,6.629999999999991,6.629999999999991,579.4705882352941,s1
s1,1000,0.01,1,,nan,rule,full,rule,0.0,-1,0.9070174380416053,-0.00018929250213533942,-3058.2394701704034,-1.6319350967959898,0.24516340103377926,0.980653604135117,0.24545454545454545,7.989999999999988,7.989999999999988,725.5057471264367,s1
s1,1000,0.01,2,,nan,rule,full,rule,0.0,-1,0.9433812865140375,0.0002412222100175315,-2071.8743496015086,-0.8675827873323757,0.24853515166782458,0.9941406066712983,0.295959595959596,7.309999999999989,7.309999999999989,647.6941176470589,s1
s1,1000,0.01,3,,nan,rule,full,rule,0.0,-1,0.8067897100580863,-0.00012244848957341728,-9180.50518566568,-7.5731743148358275,0.24269461910184756,0.9707784764073901,0.25656565656565655,6.769999999999991,6.769999999999991,517.3409090909091,s1
s1,1000,0.01,4,,nan,rule,full,rule,0.0,-1,0.9509535497841418,0.00044879537712726175,-7560.188950298994,-1.7015671026143535,0.28365640875157344,1.1346256350062935,0.198989898989899,7.099999999999989,7.099999999999989,626.8068181818181,s1
s1,1000,0.01,5,,nan,rule,full,rule,1.0,4,1.1566193688450284,-5.981071895515227e-05,-6998.234910421306,-11.81882491203824,0.34969739408467587,1.3987895763387037,0.2222222222222222,6.769999999999991,6.769999999999991,538.1379310344828,s1
s1,1000,0.02,1,,nan,rule,full,rule,1.0,11,1.0027328108107758,-0.00024315806584128616,-2815.4258468020707,-1.1814880609472174,0.24709734047449652,0.988389361897986,0.42448979591836733,8.049999999999988,8.049999999999988,691.3409090909091,s1
s1,1000,0.02,2,,nan,rule,full,rule,1.0,9,1.0289084514983249,0.00022406053810323378,-4493.591833158862,-2.0464548678469123,0.24918098260997584,0.9967239304399031,0.463265306122449,7.299999999999989,7.299999999999989,630.3095238095239,s1
s1,1000,0.02,3,,nan,rule,full,rule,1.0,9,1.0891470345091057,-0.00012870458993015393,-11413.737189358682,-9.049149379759406,0.26526571125559006,1.0610628450223603,0.5020408163265306,6.729999999999991,6.729999999999991,481.4431818181818,s1
s1,1000,0.02,4,,nan,rule,full,rule,1.0,4,1.0623950705030583,0.0005947762308220322,-9989.553266632254,-1.713824657477816,0.3191948945277092,1.2767795781108369,0.3653061224489796,7.2899999999999885,7.2899999999999885,610.2613636363636,s1
s1,1000,0.02,5,,nan,rule,full,rule,1.0,4,1.2103702550184416,-8.263099394225496e-05,-10697.731251692516,-13.210602676852575,0.3346249359241525,1.3384997436966097,0.4489795918367347,6.97999999999999,6.97999999999999,506.5168539325843,s1
s1,1000,0.05,1,,nan,rule,full,rule,1.0,6,1.2793527922197925,-0.00019696435735864858,-4884.6323402212,-2.6104815723090273,0.2750930239959832,1.100372095983933,0.7989473684210526,8.199999999999989,8.199999999999989,607.5,s1
s1,1000,0.05,2,,nan,rule,full,rule,1.0,6,1.2037427163563281,0.0005426255458130648,-5490.632402499206,-1.0651199708266972,0.249451840451219,0.997807361804876,0.8105263157894737,7.399999999999989,7.399999999999989,539.3294117647059,s1
s1,1000,0.05,3,,nan,rule,full,rule,1.0,6,1.362334623185361,-0.0001661844034416503,-21910.876591567416,-13.878607224895607,0.30856794929735903,1.234271797189436,0.7842105263157895,6.7799999999999905,6.7799999999999905,442.90909090909093,s1
s1,1000,0.05,4,,nan,rule,full,rule,1.0,4,1.166999940289771,0.00028747068628002154,-14500.314612661488,-5.309581044062173,0.32356137591995887,1.2942455036798357,0.708421052631579,7.089999999999989,7.089999999999989,520.3181818181819,s1
s1,1000,0.05,5,,nan,rule,full,rule,1.0,4,1.4303986252088592,-6.198166152913319e-05,-20273.633065789472,-34.43061360175189,0.3574771993655477,1.4299087974621907,0.7547368421052632,7.1599999999999895,7.1599999999999895,473.82022471910113,s1
s1,1000,0.1,1,,nan,rule,full,rule,1.0,5,1.3967725581655044,-0.0002470855384806378,-6791.959325060248,-3.054254619147019,0.2804418925268586,1.1217675701074343,1.0,8.199999999999989,8.199999999999989,542.625,s1
s1,1000,0.1,2,,nan,rule,full,rule,1.0,6,1.2982947857629192,0.0004382318505183276,-3771.1473243758082,-0.95615224881416,0.2493861488678789,0.9975445954715156,1.0,7.399999999999989,7.399999999999989,478.36470588235295,s1
s1,1000,0.1,3,,nan,rule,full,rule,1.0,5,1.6255714093692168,-0.00018140352427048814,-32416.894789530896,-19.8556076202029,0.35260103303915974,1.4104041321566392,1.0,6.82999999999999,6.82999999999999,377.6363636363636,s1
s1,1000,0.1,4,,nan,rule,full,rule,1.0,4,1.4027927692395716,0.0003259878261085186,-26346.8657208262,-8.98018051619427,0.32356414992664284,1.2942565997065714,1.0,7.229999999999989,7.229999999999989,447.8636363636364,s1
s1,1000,0.1,5,,nan,rule,full,rule,1.0,4,1.6423857008803047,-7.915011840375761e-05,-32076.775401717052,-45.029448188129756,0.3669467977956533,1.4677871911826132,0.9866666666666667,7.309999999999989,7.309999999999989,424.6179775280899,s1
s1,1000,0.0,1,,nan,oracle,full,oracle,0.0,-1,0.48068931787854474,-5.003459492437542e-05,0,0.0,0.15021541183704526,0.6008616473481809,0.0,0.0,0.0,0.0,s1
s1,1000,0.0,2,,nan,oracle,full,oracle,0.0,-1,0.5720103271809129,-0.0002918273130632937,0,0.0,0.17875322724403528,0.7150129089761412,0.0,0.0,0.0,0.0,s1
s1,1000,0.0,3,,nan,oracle,full,oracle,0.0,-1,0.7993813981008916,0.0006077014452580363,0,0.0,0.24980668690652863,0.9992267476261145,0.0,0.0,0.0,0.0,s1
s1,1000,0.0,4,,nan,oracle,full,oracle,0.0,-1,0.875766576282664,1.9459611194394528e-05,0,0.0,0.27367705508833245,1.09470822035333,0.0,0.0,0.0,0.0,s1
s1,1000,0.0,5,,nan,oracle,full,oracle,0.0,-1,0.7079662599465268,0.0007546690074611455,0,0.0,0.2212394562332896,0.8849578249331587,0.0,0.0,0.0,0.0,s1
s1,1000,0.005,1,,nan,oracle,full,oracle,0.0,-1,0.7931289381557939,0.00021524303847727315,-2084.0283295578847,-0.9730864461605662,0.23718235944799082,0.9487294377919633,0.06733668341708543,0.0,0.0,0.0,s1
s1,1000,0.005,2,,nan,oracle,full,oracle,0.0,-1,0.7488834238181101,-4.421744887309907e-05,-2179.910309580562,-4.9547513223386295,0.21605200368657834,0.8642080147463134,0.11457286432160804,0.0,0.0,0.0,s1
s1,1000,0.005,3,,nan,oracle,full,oracle,0.0,-1,0.8465690639848042,0.0004507447535612026,-6088.636113093904,-1.3575825844050249,0.2644940694684076,1.0579762778736304,0.11557788944723618,0.0,0.0,0.0,s1
s1,1000,0.005,4,,nan,oracle,full,oracle,0.0,-1,0.9418227323256909,-0.00023165281271683662,-4208.372767541907,-1.8258014309365853,0.294264958795835,1.1770598351833401,0.06432160804020101,0.0,0.0,0.0,s1
s1,1000,0.005,5,,nan,oracle,full,oracle,0.0,-1,0.8766926898677836,0.0005759528910872251,-5652.060240907391,-0.9862720791196607,0.2739147563573494,1.0956590254293976,0.0592964824120603,0.0,0.0,0.0,s1
s1,1000,0.01,1,,nan,oracle,full,oracle,0.0,-1,0.9618930530588659,-0.0001310309918153316,-5135.157457899069,-3.9586266297685646,0.2621612142655597,1.0486448570622389,0.24545454545454545,0.0,0.0,0.0,s1
s1,1000,0.01,2,,nan,oracle,full,oracle,0.0,-1,0.8721777157717602,-0.00030973974746247436,-854.217072349391,-0.27857113421653545,0.22620435327867316,0.9048174131146929,0.295959595959596,0.0,0.0,0.0,s1
s1,1000,0.01,3,,nan,oracle,full,oracle,0.0,-1,0.8622276348853735,0.0006970034919513596,-8302.598496779683,-1.203216802340717,0.26933890521858067,1.0773556208743225,0.25656565656565655,0.0,0.0,0.0,s1
s1,1000,0.01,4,,nan,oracle,full,oracle,0.0,-1,0.907978966161916,-0.00011897048491495427,-4774.9284215684165,-4.0540811657900715,0.28365636142550293,1.134625445702012,0.198989898989899,0.0,0.0,0.0,s1
s1,1000,0.01,5,,nan,oracle,full,oracle,1.0,4,1.0364488714582343,0.00040343335662601574,-10663.173893888365,-2.669804701122919,0.3237611282799125,1.2950445131196497,0.2222222222222222,0.0,0.0,0.0,s1
s1,1000,0.02,1,,nan,oracle,full,oracle,1.0,11,0.9798515942540508,0.0005442624177217332,-1320.3334596875357,-0.24754217756521876,0.23959546202333404,0.9583818480933362,0.42448979591836733,0.0,0.0,0.0,s1
s1,1000,0.02,2,,nan,oracle,full,oracle,1.0,9,1.0286247087534077,-0.00042421506239576453,-2982.5406954356004,-0.7174212192527409,0.248968978450395,0.9958759138015802,0.463265306122449,0.0,0.0,0.0,s1
s1,1000,0.02,3,,nan,oracle,full,oracle,1.0,9,1.062627499195605,0.000764963972060466,-10710.332441535313,-1.4286830561693438,0.27027967256309093,1.0811186902523637,0.5020408163265306,0.0,0.0,0.0,s1
s1,1000,0.02,4,,nan,oracle,full,oracle,1.0,4,1.0655821547714424,-9.999130252349589e-05,-8248.561065499554,-8.417631167921149,0.31951402182846966,1.2780560873138787,0.3653061224489796,0.0,0.0,0.0,s1
s1,1000,0.02,5,,nan,oracle,full,oracle,1.0,4,1.055459841277305,0.0008773349547981076,-13382.492982714437,-1.5564870645721527,0.3296193486083511,1.3184773944334047,0.4489795918367347,0.0,0.0,0.0,s1
s1,1000,0.05,1,,nan,oracle,full,oracle,1.0,6,2.241372224885191,0.0017078656957427922,39793.161095745396,2.4526248228964844,0.5738308523324636,2.2953234093298547,0.7989473684210526,0.0,0.0,0.0,s1
s1,1000,0.05,2,,nan,oracle,full,oracle,1.0,6,1.6091456051228763,0.0008444095686244729,36326.941916426644,4.528476186041797,0.37474156742486664,1.4989662696994666,0.8105263157894737,0.0,0.0,0.0,s1
s1,1000,0.05,3,,nan,oracle,full,oracle,1.0,6,1.6598312007501772,0.0014881305310804594,-12700.11649161065,-0.8983448290435505,0.3959601610664116,1.5838406442656465,0.7842105263157895,0.0,0.0,0.0,s1
s1,1000,0.05,4,,nan,oracle,full,oracle,1.0,4,1.1350221406320078,0.0004945852131698476,2062.634927698411,0.43899303960580605,0.3235626808885223,1.2942507235540894,0.708421052631579,0.0,0.0,0.0,s1
s1,1000,0.05,5,,nan,oracle,full,oracle,1.0,4,1.6316071867169881,0.0016248564386938356,-13375.444069772027,-0.866502078276176,0.39166714264197133,1.5666685705678858,0.7547368421052632,0.0,0.0,0.0,s1
s1,1000,0.1,1,,nan,oracle,full,oracle,1.0,5,2.6964318702002474,0.003048125210537058,91145.41589880176,3.322458145154688,0.682380706852934,2.729522827411736,1.0,0.0,0.0,0.0,s1
s1,1000,0.1,2,,nan,oracle,full,oracle,1.0,6,2.0256937009281772,0.001856704756224114,84085.59269645996,5.031948995455832,0.47341003986985086,1.8936401594794035,1.0,0.0,0.0,0.0,s1
s1,1000,0.1,3,,nan,oracle,full,oracle,1.0,5,2.620836470592374,0.002963282731651225,16695.013773605227,0.6259954578707788,0.6611482511811428,2.6445930047245714,1.0,0.0,0.0,0.0,s1
s1,1000,0.1,4,,nan,oracle,full,oracle,1.0,4,1.5641944224522053,0.0018256616199353918,24167.223580290563,1.470835030519926,0.331136266505757,1.324545066023028,1.0,0.0,0.0,0.0,s1
s1,1000,0.1,5,,nan,oracle,full,oracle,1.0,4,2.393098563666747,0.0035027392233274875,3998.2498617414385,0.12682930595555858,0.5922171578737987,2.3688686314951948,0.9866666666666667,0.0,0.0,0.0,s1
s2,1000,0.0,1,,nan,noguard,,noguard,0.0,-1,0.4542869244458057,-0.00020679445069767536,0,0.0,0.1419646638893143,0.5678586555572571,0.0,0.0,0.0,0.0,s2
s2,1000,0.0,2,,nan,noguard,,noguard,0.0,-1,0.46441495161985136,-0.00021004338287469,0,0.0,0.14512967238120353,0.5805186895248142,0.0,0.0,0.0,0.0,s2
s2,1000,0.0,3,,nan,noguard,,noguard,0.0,-1,0.7733439029246363,0.0005972019266529009,0,0.0,0.24166996966394882,0.9666798786557953,0.0,0.0,0.0,0.0,s2
s2,1000,0.0,4,,nan,noguard,,noguard,0.0,-1,0.8755524661079079,-0.0002546896465919912,0,0.0,0.2736101456587212,1.0944405826348849,0.0,0.0,0.0,0.0,s2
s2,1000,0.0,5,,nan,noguard,,noguard,1.0,6,1.0269549458753608,0.0006248294726975262,0,0.0,0.3209234205860502,1.2836936823442011,0.0,0.0,0.0,0.0,s2
s2,1000,0.005,1,,nan,noguard,,noguard,1.0,4,3.01615016527074,0.005832450942163492,6710.0495141243155,0.11562494777542524,0.8046986386185958,3.2187945544743837,0.8864321608040201,0.0,0.0,0.0,s2
s2,1000,0.005,2,,nan,noguard,,noguard,1.0,4,2.605103997079978,0.0037608280705626884,8514.899235939141,0.2275479632077493,0.6680840662713349,2.67233626508534,0.9326633165829146,0.0,0.0,0.0,s2
s2,1000,0.005,3,,nan,noguard,,noguard,1.0,5,3.0194305168210605,0.00583357754371143,2678.9073478485807,0.04615296828821673,0.8039764368327791,3.2159057473311163,0.8944723618090452,0.0,0.0,0.0,s2
s2,1000,0.005,4,,nan,noguard,,noguard,1.0,5,2.635839611040552,0.003506329323906433,7000.1957959117135,0.20064780028618592,0.6788187428531105,2.7152749714124425,0.9256281407035176,0.0,0.0,0.0,s2
s2,1000,0.005,5,,nan,noguard,,noguard,1.0,5,3.321291308526182,0.005888190304871705,2360.5854582333704,0.04029162737410281,0.8984361677129872,3.593744670851949,0.9105527638190954,0.0,0.0,0.0,s2
s2,1000,0.01,1,,nan,noguard,,noguard,1.0,4,3.2583637375262495,0.012074656340572606,15735.886716482462,0.1316379913335093,0.8619230844171795,3.447692337668718,0.996969696969697,0.0,0.0,0.0,s2
s2,1000,0.01,2,,nan,noguard,,noguard,1.0,4,2.9886422408187627,0.007288352536177733,18293.781451396004,0.2535355833969172,0.7782443439551439,3.1129773758205754,0.9929292929292929,0.0,0.0,0.0,s2
s2,1000,0.01,3,,nan,noguard,,noguard,1.0,4,3.687876264122288,0.011533915507890322,9351.940103726927,0.08190110408487433,0.9969189165315209,3.9876756661260835,0.9929292929292929,0.0,0.0,0.0,s2
s2,1000,0.01,4,,nan,noguard,,noguard,1.0,4,2.8345695547810457,0.007031843649877442,13495.57485536451,0.19385945524450154,0.7298864798437423,2.9195459193749698,0.9949494949494949,0.0,0.0,0.0,s2
s2,1000,0.01,5,,nan,noguard,,noguard,1.0,4,4.016990322650514,0.010401245906514802,9024.92456588184,0.0876441678431314,1.1013587652722279,4.4054350610889115,0.9828282828282828,0.0,0.0,0.0,s2
s2,1000,0.02,1,,nan,noguard,,noguard,1.0,4,3.416747151600726,0.018173119808764824,25103.890096720308,0.140956614241072,0.9105561427006322,3.6422245708025294,1.0,0.0,0.0,0.0,s2
s2,1000,0.02,2,,nan,noguard,,noguard,1.0,4,3.0859014102149334,0.011075145339583028,30478.77395185572,0.28081608677076264,0.8071355616087612,3.228542246435045,1.0,0.0,0.0,0.0,s2
s2,1000,0.02,3,,nan,noguard,,noguard,1.0,4,3.80299779776278,0.017191741381834585,13906.930679017794,0.08254396850006677,1.0314932086186734,4.125972834474694,1.0,0.0,0.0,0.0,s2
s2,1000,0.02,4,,nan,noguard,,noguard,1.0,4,2.870565526183069,0.010294711729952761,21638.734629521496,0.2144823676262057,0.7400227766470694,2.9600911065882776,1.0,0.0,0.0,0.0,s2
s2,1000,0.02,5,,nan,noguard,,noguard,1.0,4,4.230707539405586,0.015153754965667138,15047.168834152748,0.10132309745794282,1.1651772224223442,4.660708889689377,1.0,0.0,0.0,0.0,s2
s2,1000,0.05,1,,nan,noguard,,noguard,1.0,4,3.3302840211061513,0.024242196129663014,51568.54686056124,0.22391816572852927,0.8823149798586758,3.529259919434703,1.0,0.0,0.0,0.0,s2
s2,1000,0.05,2,,nan,noguard,,noguard,1.0,4,3.0416671016740646,0.015944488064971018,64195.15730185388,0.42380695771525206,0.7919961444251175,3.1679845777004694,1.0,0.0,0.0,0.0,s2
s2,1000,0.05,3,,nan,noguard,,noguard,1.0,4,3.7812937570657814,0.024824877666814744,27827.492136192974,0.11799492983855953,1.0237387851589699,4.0949551406358795,1.0,0.0,0.0,0.0,s2
s2,1000,0.05,4,,nan,noguard,,noguard,1.0,4,2.863342922742836,0.015401973058915452,48528.93285814766,0.3316658652998571,0.7366621876751754,2.9466487507007018,1.0,0.0,0.0,0.0,s2
s2,1000,0.05,5,,nan,noguard,,noguard,1.0,4,4.3430046933154465,0.02310766676821736,33323.78007128788,0.15180097404373585,1.1992452865802778,4.796981146321111,1.0,0.0,0.0,0.0,s2
s2,1000,0.1,1,,nan,noguard,,noguard,1.0,4,3.286923876162613,0.031074183534405917,66355.61030074768,0.2372659471747218,0.866808646672878,3.4672345866915126,1.0,0.0,0.0,0.0,s2
s2,1000,0.1,2,,nan,noguard,,noguard,1.0,4,2.861587705815582,0.024131214448798035,78984.65466801077,0.36368135385441486,0.7340321529864782,2.9361286119459127,1.0,0.0,0.0,0.0,s2
s2,1000,0.1,3,,nan,noguard,,noguard,1.0,4,3.7458106289907995,0.031337973294158154,26500.718590140343,0.09396026539923923,1.011482818236506,4.045931272946024,1.0,0.0,0.0,0.0,s2
s2,1000,0.1,4,,nan,noguard,,noguard,1.0,4,2.5450638274243036,0.022579454392353693,66238.75855432171,0.32595393731407635,0.6358026503286652,2.543210601314661,1.0,0.0,0.0,0.0,s2
s2,1000,0.1,5,,nan,noguard,,noguard,1.0,4,4.148131705840606,0.030268000297907327,33203.20322071295,0.12188597746764615,1.1371185904800676,4.548474361920271,1.0,0.0,0.0,0.0,s2
s2,1000,0.0,1,,nan,random,full,random,0.0,-1,0.4083467157061096,1.1610395778529345e-05,0,0.0,0.12760367567251918,0.5104147026900767,0.0,0.3700000000000001,0.3700000000000001,0.0,s2
s2,1000,0.0,2,,nan,random,full,random,0.0,-1,0.5439589843959721,-1.7436126498505472e-06,0,0.0,0.16998704772817375,0.679948190912695,0.0,0.3700000000000001,0.3700000000000001,0.0,s2
s2,1000,0.0,3,,nan,random,full,random,0.0,-1,0.30952532548305883,2.034466153923422e-05,0,0.0,0.09672084708717801,0.38688338834871194,0.0,0.3700000000000001,0.3700000000000001,0.0,s2
s2,1000,0.0,4,,nan,random,full,random,0.0,-1,0.3385114156299881,-6.271471023745835e-06,0,0.0,0.10578481738437123,0.42313926953748515,0.0,0.3700000000000001,0.3700000000000001,0.0,s2
s2,1000,0.0,5,,nan,random,full,random,0.0,-1,0.5072711601875248,3.06595229357481e-06,0,0.0,0.1585218383494427,0.6340873533977709,0.0,0.3700000000000001,0.3700000000000001,0.0,s2
s2,1000,0.005,1,,nan,random,full,random,1.0,4,1.1420428640018243,1.3251303364733356e-05,-2128.615534802346,-16.144163607122938,0.21842968413052702,0.8737187365221082,0.8864321608040201,0.3700000000000001,0.3700000000000001,0.0,s2
s2,1000,0.005,2,,nan,random,full,random,1.0,4,1.082278059504904,-6.748279687672404e-07,-690.3561991723254,-102.81514073413341,0.19250314639405472,0.770012585576219,0.9326633165829146,0.3700000000000001,0.3700000000000001,0.0,s2
s2,1000,0.005,3,,nan,random,full,random,1.0,5,1.1073964795136715,1.8497684460002272e-05,-5036.676377962343,-27.36551334549725,0.24025082724489935,0.9610033089795973,0.8944723618090452,0.3700000000000001,0.3700000000000001,0.0,s2
s2,1000,0.005,4,,nan,random,full,random,1.0,5,1.11357113044857,2.191078351932255e-06,-2095.324528259225,-96.11038306267574,0.27065771238706626,1.082630849548265,0.9256281407035176,0.3700000000000001,0.3700000000000001,0.0,s2
s2,1000,0.005,5,,nan,random,full,random,1.0,5,1.3077954607916267,1.1731606375557095e-05,-4780.769411264337,-40.9559716235105,0.29512672243231375,1.180506889729255,0.9105527638190954,0.3700000000000001,0.3700000000000001,0.0,s2
s2,1000,0.01,1,,nan,random,full,random,1.0,4,1.395340153207626,0.00017602954562828698,-3795.7204012037255,-2.178078116166416,0.2803049290714471,1.1212197162857884,0.996969696969697,0.3700000000000001,0.3700000000000001,0.0,s2
s2,1000,0.01,2,,nan,random,full,random,1.0,4,1.3126865316068115,3.902456058490307e-05,-2579.7625906352187,-6.677386649753883,0.2551241363018952,1.020496545207581,0.9929292929292929,0.3700000000000001,0.3700000000000001,0.0,s2
s2,1000,0.01,3,,nan,random,full,random,1.0,4,1.3501101469217742,2.3841081579413378e-05,-9996.21247431275,-42.35203962477306,0.2669794644137047,1.0679178576548187,0.9929292929292929,0.3700000000000001,0.3700000000000001,0.0,s2
s2,1000,0.01,4,,nan,random,full,random,1.0,4,1.3535536806895936,1.7660498262731114e-05,-4490.505655942834,-25.683671159517473,0.28212435713576856,1.1284974285430742,0.9949494949494949,0.3700000000000001,0.3700000000000001,0.0,s2
s2,1000,0.01,5,,nan,random,full,random,1.0,4,1.3899776877562342,1.5314006077483144e-05,-9307.591333002667,-61.39221415679726,0.2922856677055205,1.1691426708220822,0.9828282828282828,0.3700000000000001,0.3700000000000001,0.0,s2
s2,1000,0.02,1,,nan,random,full,random,1.0,4,1.7414524315261426,0.0007495712128091528,2985.5047651911154,0.406423483427469,0.3876154207546346,1.5504616830185385,1.0,0.3700000000000001,0.3700000000000001,0.0,s2
s2,1000,0.02,2,,nan,random,full,random,1.0,4,1.4670846361153551,0.0005857302303600828,5961.631735772127,1.0385835277485396,0.30178306293814455,1.2071322517525784,1.0,0.3700000000000001,0.3700000000000001,0.0,s2
s2,1000,0.02,3,,nan,random,full,random,1.0,4,1.438536450748355,2.112186262117965e-05,-16695.314936964307,-80.6559343534454,0.2936670258149639,1.1746681032598554,1.0,0.3700000000000001,0.3700000000000001,0.0,s2
s2,1000,0.02,4,,nan,random,full,random,1.0,4,1.4673540906038192,6.706050065954273e-05,-7843.810016615898,-11.935323615747691,0.3024833969201305,1.209933587680522,1.0,0.3700000000000001,0.3700000000000001,0.0,s2
s2,1000,0.02,5,,nan,random,full,random,1.0,4,1.492757235036664,1.2204836991482547e-05,-15741.217834495474,-131.60738803202537,0.31018074093457476,1.2407229637382988,1.0,0.3700000000000001,0.3700000000000001,0.0,s2
s2,1000,0.05,1,,nan,random,full,random,1.0,4,2.1152581223776012,0.0016493286162685408,4932.274995020125,0.31478677836541746,0.5036286227747974,2.0145144910991895,1.0,0.3700000000000001,0.3700000000000001,0.0,s2
s2,1000,0.05,2,,nan,random,full,random,1.0,4,1.9007386153575445,0.0008363138528974041,23649.885048237164,2.976707339475773,0.4365060051790801,1.746024020716321,1.0,0.3700000000000001,0.3700000000000001,0.0,s2
s2,1000,0.05,3,,nan,random,full,random,1.0,4,1.3377798112200108,0.00037892726273873917,-30824.3326812312,-8.562768945610157,0.26240901664348426,1.049636066573937,1.0,0.3700000000000001,0.3700000000000001,0.0,s2
s2,1000,0.05,4,,nan,random,full,random,1.0,4,1.4020652688012936,0.0003683502701362105,-11661.849751231726,-3.3325973434325653,0.2836564135384895,1.1346256541539583,1.0,0.3700000000000001,0.3700000000000001,0.0,s2
s2,1000,0.05,5,,nan,random,full,random,1.0,4,1.458432111983464,4.1185302979459886e-05,-36170.567389392294,-92.44628230975204,0.2993574683008746,1.1974298732034985,1.0,0.3700000000000001,0.3700000000000001,0.0,s2
s2,1000,0.1,1,,nan,random,full,random,1.0,4,2.271442135074753,0.0024395380385888532,26695.811766535044,1.2158864754199843,0.5510174123406391,2.2040696493625562,1.0,0.3700000000000001,0.3700000000000001,0.0,s2
s2,1000,0.1,2,,nan,random,full,random,1.0,4,1.972501757122965,0.0012616866235505375,39985.206372196786,3.521318705527123,0.45765617673715486,1.8306247069486195,1.0,0.3700000000000001,0.3700000000000001,0.0,s2
s2,1000,0.1,3,,nan,random,full,random,1.0,4,1.4042305044529948,0.0009579193304030017,-43775.84454994276,-5.0776537996421,0.28241215674132364,1.1296486269652943,1.0,0.3700000000000001,0.3700000000000001,0.0,s2
s2,1000,0.1,4,,nan,random,full,random,1.0,4,1.3340774137657232,0.0006802780596853958,-13842.403811604716,-2.260906178081607,0.2836564212250237,1.1346256849000946,1.0,0.3700000000000001,0.3700000000000001,0.0,s2
s2,1000,0.1,5,,nan,random,full,random,1.0,4,1.483506277450158,0.00042451247068929173,-54434.47289562784,-14.24757853723386,0.3070243851849311,1.228097540739724,1.0,0.3700000000000001,0.3700000000000001,0.0,s2
s2,1000,0.0,1,,nan,rule,full,rule,0.0,-1,0.47735640892663433,-6.3292228952609e-05,0,0.0,0.14917387778957322,0.596695511158293,0.0,5.6199999999999966,5.6199999999999966,765.625,s2
s2,1000,0.0,2,,nan,rule,full,rule,0.0,-1,0.47686761844583225,-0.00010731123886536807,0,0.0,0.1490211307643226,0.5960845230572902,0.0,5.0799999999999965,5.0799999999999965,640.625,s2
s2,1000,0.0,3,,nan,rule,full,rule,0.0,-1,0.5396090488321352,3.293305097501725e-05,0,0.0,0.16862782776004223,0.674511311040169,0.0,4.369999999999999,4.369999999999999,483.8709677419355,s2
s2,1000,0.0,4,,nan,rule,full,rule,0.0,-1,0.8903393596573075,0.0006041334601290525,0,0.0,0.2782310498929086,1.1129241995716344,0.0,5.509999999999993,5.509999999999993,493.82716049382714,s2
s2,1000,0.0,5,,nan,rule,full,rule,0.0,-1,0.45824118562844396,-3.1232275010831655e-05,0,0.0,0.14320037050888873,0.5728014820355549,0.0,5.029999999999996,5.029999999999996,571.4285714285714,s2
s2,1000,0.005,1,,nan,rule,full,rule,1.0,4,1.1429545834577775,-7.032491120748485e-05,-2258.829848860769,-3.228131701334118,0.2187216158146307,0.8748864632585227,0.8864321608040201,7.999999999999988,7.999999999999988,608.5340909090909,s2
s2,1000,0.005,2,,nan,rule,full,rule,1.0,4,1.30241584676887,0.0007025662971428367,-409.2688040189969,-0.05854613761685268,0.2610684017597899,1.0442736070391598,0.9326633165829146,7.259999999999989,7.259999999999989,556.964705882353,s2
s2,1000,0.005,3,,nan,rule,full,rule,1.0,5,1.1744605734397495,1.0958939938239716e-05,-5913.228171740542,-54.2291765413762,0.24049808736515996,0.9619923494606399,0.8944723618090452,6.81999999999999,6.81999999999999,402.5,s2
s2,1000,0.005,4,,nan,rule,full,rule,1.0,5,1.1278669989217092,0.0005874403347790091,-2163.144761394098,-0.37008266318481636,0.2836457028830703,1.1345828115322814,0.9256281407035176,7.089999999999989,7.089999999999989,489.6136363636364,s2
s2,1000,0.005,5,,nan,rule,full,rule,1.0,5,1.1470494505807636,-6.890580986968087e-05,-5067.90954405599,-7.391795315692317,0.24491105784610004,0.9796442313844,0.9105527638190954,6.97999999999999,6.97999999999999,461.1573033707865,s2
s2,1000,0.01,1,,nan,rule,full,rule,1.0,4,1.3635238019943074,-8.079615027483816e-05,-5023.98531359795,-6.280908957587205,0.27044411098147714,1.0817764439259085,0.996969696969697,8.199999999999989,8.199999999999989,576.7159090909091,s2
s2,1000,0.01,2,,nan,rule,full,rule,1.0,4,1.2616520782655,0.0010248267523024345,-1113.1330149834976,-0.10971383995251144,0.2387461601284597,0.9549846405138391,0.9929292929292929,7.399999999999989,7.399999999999989,504.9529411764706,s2
s2,1000,0.01,3,,nan,rule,full,rule,1.0,4,1.3988697242251464,-3.408865108879076e-05,-11138.551928883302,-33.00530292360914,0.28225061760254794,1.1290024704101915,0.9929292929292929,6.96999999999999,6.96999999999999,386.21590909090907,s2
s2,1000,0.01,4,,nan,rule,full,rule,1.0,4,1.3284945235144383,0.000930527183825169,-4772.087465319666,-0.5180171469246855,0.2836555875046283,1.134622350018513,0.9949494949494949,7.379999999999988,7.379999999999988,465.0113636363636,s2
s2,1000,0.01,5,,nan,rule,full,rule,1.0,4,1.331768784970437,-6.108621335372027e-05,-9648.847247883095,-15.95500820285089,0.27410629042700363,1.0964251617080145,0.9828282828282828,7.479999999999989,7.479999999999989,438.7865168539326,s2
s2,1000,0.02,1,,nan,rule,full,rule,1.0,4,1.4948048083003722,-6.830789858114203e-05,-9487.47111648717,-14.17272845029375,0.3111067556128332,1.2444270224513327,1.0,8.199999999999989,8.199999999999989,561.6818181818181,s2
s2,1000,0.02,2,,nan,rule,full,rule,1.0,4,1.4025708715953804,0.0013520887214112647,-3854.1071753357537,-0.29086570737067524,0.28161596243894177,1.1264638497557673,1.0,7.4999999999999885,7.4999999999999885,489.22352941176473,s2
s2,1000,0.02,3,,nan,rule,full,rule,1.0,4,1.4584660980061954,-5.7331264828692894e-05,-17503.69224349351,-31.153874776552026,0.29991870776678886,1.1996748310671554,1.0,6.96999999999999,6.96999999999999,371.21590909090907,s2
s2,1000,0.02,4,,nan,rule,full,rule,1.0,4,1.443307758193223,0.001319652633741118,-7656.452025551349,-0.592027473652164,0.29435494289674563,1.1774197715869823,1.0,7.379999999999988,7.379999999999988,449.47727272727275,s2
s2,1000,0.02,5,,nan,rule,full,rule,1.0,4,1.3243747974484126,-6.586174380528379e-05,-16485.94645253732,-25.541981380052995,0.2579101030365336,1.0316404121461344,1.0,7.529999999999989,7.529999999999989,411.59550561797755,s2
s2,1000,0.05,1,,nan,rule,full,rule,1.0,4,1.569805350323429,-4.822006928254115e-05,-23374.782808158547,-51.02654330654888,0.3349027940987154,1.3396111763948615,1.0,8.199999999999989,8.199999999999989,540.4659090909091,s2
s2,1000,0.05,2,,nan,rule,full,rule,1.0,4,1.4907097143602919,0.0018340099071785807,-11940.111725762486,-0.6853037494237229,0.3092131658112095,1.236852663244838,1.0,7.4999999999999885,7.4999999999999885,481.2823529411765,s2
s2,1000,0.05,3,,nan,rule,full,rule,1.0,4,1.4749161103760984,-3.926915719752249e-05,-38791.98709813133,-103.98407692892411,0.3055739814141363,1.222295925656545,1.0,6.95999999999999,6.95999999999999,357.0568181818182,s2
s2,1000,0.05,4,,nan,rule,full,rule,1.0,4,1.5232338035568531,0.001875609513020045,-19084.895480857696,-1.0710845474287183,0.3194476968064007,1.277790787225603,1.0,7.379999999999988,7.379999999999988,432.60227272727275,s2
s2,1000,0.05,5,,nan,rule,full,rule,1.0,4,1.426314006999838,-4.343433926176084e-05,-36056.598721210845,-87.38319746190876,0.2893429639839685,1.157371855935874,1.0,7.529999999999989,7.529999999999989,396.02247191011236,s2
s2,1000,0.1,1,,nan,rule,full,rule,1.0,4,1.5216119431574833,-7.824680395424365e-05,-38922.180152338,-55.269818894098925,0.32029819729444303,1.281192789177772,1.0,8.199999999999989,8.199999999999989,511.60227272727275,s2
s2,1000,0.1,2,,nan,rule,full,rule,1.0,4,1.4479834457445495,0.0017436696434797098,-18383.04979633633,-1.171415179543775,0.2961141102336741,1.1844564409346967,1.0,7.4999999999999885,7.4999999999999885,445.0352941176471,s2
s2,1000,0.1,3,,nan,rule,full,rule,1.0,4,1.3870035311599191,-3.165916974345843e-05,-62972.78755436931,-221.00947218856464,0.2787498834802961,1.1149995339211847,1.0,6.96999999999999,6.96999999999999,337.8068181818182,s2
s2,1000,0.1,4,,nan,rule,full,rule,1.0,4,1.457801510238657,0.0016376850813271272,-27962.368353129365,-1.8971472918936394,0.2994003861937458,1.197601544774983,1.0,7.379999999999988,7.379999999999988,409.42045454545456,s2
s2,1000,0.1,5,,nan,rule,full,rule,1.0,4,1.4483170854070406,-6.636872314972182e-05,-58895.64263260737,-98.60006313138418,0.29607345558156256,1.18429382232625,1.0,7.479999999999989,7.479999999999989,384.5730337078652,s2
s2,1000,0.0,1,,nan,oracle,full,oracle,0.0,-1,0.4542869244458057,-0.00020679445069767536,0,0.0,0.1419646638893143,0.5678586555572571,0.0,0.0,0.0,0.0,s2
s2,1000,0.0,2,,nan,oracle,full,oracle,0.0,-1,0.46441495161985136,-0.00021004338287469,0,0.0,0.14512967238120353,0.5805186895248142,0.0,0.0,0.0,0.0,s2
s2,1000,0.0,3,,nan,oracle,full,oracle,0.0,-1,0.7733439029246363,0.0005972019266529009,0,0.0,0.24166996966394882,0.9666798786557953,0.0,0.0,0.0,0.0,s2
s2,1000,0.0,4,,nan,oracle,full,oracle,0.0,-1,0.8755524661079079,-0.0002546896465919912,0,0.0,0.2736101456587212,1.0944405826348849,0.0,0.0,0.0,0.0,s2
s2,1000,0.0,5,,nan,oracle,full,oracle,1.0,6,1.0269549458753608,0.0006248294726975262,0,0.0,0.3209234205860502,1.2836936823442011,0.0,0.0,0.0,0.0,s2
s2,1000,0.005,1,,nan,oracle,full,oracle,1.0,4,3.01615016527074,0.005832450942163492,6710.0495141243155,0.11562494777542524,0.8046986386185958,3.2187945544743837,0.8864321608040201,0.0,0.0,0.0,s2
s2,1000,0.005,2,,nan,oracle,full,oracle,1.0,4,2.605103997079978,0.0037608280705626884,8514.899235939141,0.2275479632077493,0.6680840662713349,2.67233626508534,0.9326633165829146,0.0,0.0,0.0,s2
s2,1000,0.005,3,,nan,oracle,full,oracle,1.0,5,3.0194305168210605,0.00583357754371143,2678.9073478485807,0.04615296828821673,0.8039764368327791,3.2159057473311163,0.8944723618090452,0.0,0.0,0.0,s2
s2,1000,0.005,4,,nan,oracle,full,oracle,1.0,5,2.635839611040552,0.003506329323906433,7000.1957959117135,0.20064780028618592,0.6788187428531105,2.7152749714124425,0.9256281407035176,0.0,0.0,0.0,s2
s2,1000,0.005,5,,nan,oracle,full,oracle,1.0,5,3.321291308526182,0.005888190304871705,2360.5854582333704,0.04029162737410281,0.8984361677129872,3.593744670851949,0.9105527638190954,0.0,0.0,0.0,s2
s2,1000,0.01,1,,nan,oracle,full,oracle,1.0,4,3.2583637375262495,0.012074656340572606,15735.886716482462,0.1316379913335093,0.8619230844171795,3.447692337668718,0.996969696969697,0.0,0.0,0.0,s2
s2,1000,0.01,2,,nan,oracle,full,oracle,1.0,4,2.9886422408187627,0.007288352536177733,18293.781451396004,0.2535355833969172,0.7782443439551439,3.1129773758205754,0.9929292929292929,0.0,0.0,0.0,s2
s2,1000,0.01,3,,nan,oracle,full,oracle,1.0,4,3.687876264122288,0.011533915507890322,9351.940103726927,0.08190110408487433,0.9969189165315209,3.9876756661260835,0.9929292929292929,0.0,0.0,0.0,s2
s2,1000,0.01,4,,nan,oracle,full,oracle,1.0,4,2.8345695547810457,0.007031843649877442,13495.57485536451,0.19385945524450154,0.7298864798437423,2.9195459193749698,0.9949494949494949,0.0,0.0,0.0,s2
s2,1000,0.01,5,,nan,oracle,full,oracle,1.0,4,4.016990322650514,0.010401245906514802,9024.92456588184,0.0876441678431314,1.1013587652722279,4.4054350610889115,0.9828282828282828,0.0,0.0,0.0,s2
s2,1000,0.02,1,,nan,oracle,full,oracle,1.0,4,3.416747151600726,0.018173119808764824,25103.890096720308,0.140956614241072,0.9105561427006322,3.6422245708025294,1.0,0.0,0.0,0.0,s2
s2,1000,0.02,2,,nan,oracle,full,oracle,1.0,4,3.0859014102149334,0.011075145339583028,30478.77395185572,0.28081608677076264,0.8071355616087612,3.228542246435045,1.0,0.0,0.0,0.0,s2
s2,1000,0.02,3,,nan,oracle,full,oracle,1.0,4,3.80299779776278,0.017191741381834585,13906.930679017794,0.08254396850006677,1.0314932086186734,4.125972834474694,1.0,0.0,0.0,0.0,s2
s2,1000,0.02,4,,nan,oracle,full,oracle,1.0,4,2.870565526183069,0.010294711729952761,21638.734629521496,0.2144823676262057,0.7400227766470694,2.9600911065882776,1.0,0.0,0.0,0.0,s2
s2,1000,0.02,5,,nan,oracle,full,oracle,1.0,4,4.230707539405586,0.015153754965667138,15047.168834152748,0.10132309745794282,1.1651772224223442,4.660708889689377,1.0,0.0,0.0,0.0,s2
s2,1000,0.05,1,,nan,oracle,full,oracle,1.0,4,3.3302840211061513,0.024242196129663014,51568.54686056124,0.22391816572852927,0.8823149798586758,3.529259919434703,1.0,0.0,0.0,0.0,s2
s2,1000,0.05,2,,nan,oracle,full,oracle,1.0,4,3.0416671016740646,0.015944488064971018,64195.15730185388,0.42380695771525206,0.7919961444251175,3.1679845777004694,1.0,0.0,0.0,0.0,s2
s2,1000,0.05,3,,nan,oracle,full,oracle,1.0,4,3.7812937570657814,0.024824877666814744,27827.492136192974,0.11799492983855953,1.0237387851589699,4.0949551406358795,1.0,0.0,0.0,0.0,s2
s2,1000,0.05,4,,nan,oracle,full,oracle,1.0,4,2.863342922742836,0.015401973058915452,48528.93285814766,0.3316658652998571,0.7366621876751754,2.9466487507007018,1.0,0.0,0.0,0.0,s2
s2,1000,0.05,5,,nan,oracle,full,oracle,1.0,4,4.3430046933154465,0.02310766676821736,33323.78007128788,0.15180097404373585,1.1992452865802778,4.796981146321111,1.0,0.0,0.0,0.0,s2
s2,1000,0.1,1,,nan,oracle,full,oracle,1.0,4,3.286923876162613,0.031074183534405917,66355.61030074768,0.2372659471747218,0.866808646672878,3.4672345866915126,1.0,0.0,0.0,0.0,s2
s2,1000,0.1,2,,nan,oracle,full,oracle,1.0,4,2.861587705815582,0.024131214448798035,78984.65466801077,0.36368135385441486,0.7340321529864782,2.9361286119459127,1.0,0.0,0.0,0.0,s2
s2,1000,0.1,3,,nan,oracle,full,oracle,1.0,4,3.7458106289907995,0.031337973294158154,26500.718590140343,0.09396026539923923,1.011482818236506,4.045931272946024,1.0,0.0,0.0,0.0,s2
s2,1000,0.1,4,,nan,oracle,full,oracle,1.0,4,2.5450638274243036,0.022579454392353693,66238.75855432171,0.32595393731407635,0.6358026503286652,2.543210601314661,1.0,0.0,0.0,0.0,s2
s2,1000,0.1,5,,nan,oracle,full,oracle,1.0,4,4.148131705840606,0.030268000297907327,33203.20322071295,0.12188597746764615,1.1371185904800676,4.548474361920271,1.0,0.0,0.0,0.0,s2
s3,1000,0.0,1,,nan,noguard,,noguard,0.0,-1,0.1813693163347619,0.00036925700720380993,0,0.0,0.0566779113546131,0.22671164541845235,0.0,0.0,0.0,0.0,s3
s3,1000,0.0,2,,nan,noguard,,noguard,0.0,-1,0.1979646023497903,-5.0983853554353116e-05,0,0.0,0.06186393823430946,0.24745575293723787,0.0,0.0,0.0,0.0,s3
s3,1000,0.0,3,,nan,noguard,,noguard,0.0,-1,0.09099687257310746,0.0008049310011127963,0,0.0,0.02843652267909609,0.11374609071638431,0.0,0.0,0.0,0.0,s3
s3,1000,0.0,4,,nan,noguard,,noguard,0.0,-1,0.13888242964384234,0.00043836718068420886,0,0.0,0.04326232226948112,0.1730492890779245,0.0,0.0,0.0,0.0,s3
s3,1000,0.0,5,,nan,noguard,,noguard,0.0,-1,0.13911252062287016,0.0008426334409004077,0,0.0,0.04320694603544305,0.17282778414177224,0.0,0.0,0.0,0.0,s3
s3,1000,0.005,1,,nan,noguard,,noguard,0.0,-1,0.1833557154942528,0.0002473614387629769,-35.216149626416154,-0.01430825895071793,0.057297715198238106,0.22919086079295226,0.0,0.0,0.0,0.0,s3
s3,1000,0.005,2,,nan,noguard,,noguard,0.0,-1,0.1637743731010657,-0.0003228079997553448,-130.16011643907405,-0.040523836917021105,0.05117863310072501,0.20471453240290005,0.0,0.0,0.0,0.0,s3
s3,1000,0.005,3,,nan,noguard,,noguard,0.0,-1,0.08171981959905855,0.0007640866757204859,318.0412337160087,0.04183287590625246,0.025537029279151465,0.10214811711660587,0.0,0.0,0.0,0.0,s3
s3,1000,0.005,4,,nan,noguard,,noguard,0.0,-1,0.1178662480615672,0.00026377093592387196,75.41622733458644,0.02873523691526754,0.03675406476496447,0.14701625905985782,0.0,0.0,0.0,0.0,s3
s3,1000,0.005,5,,nan,noguard,,noguard,0.0,-1,0.14969959245843795,0.0006884125679055575,41.312308647989994,0.0060312536587261625,0.04653106695111619,0.18612426780446478,0.0,0.0,0.0,0.0,s3
s3,1000,0.01,1,,nan,noguard,,noguard,0.0,-1,0.23040662709948126,0.00024962477954838314,-991.2417334493948,-0.40110371976009834,0.07182554678978564,0.2873021871591426,0.0,0.0,0.0,0.0,s3
s3,1000,0.01,2,,nan,noguard,,noguard,0.0,-1,0.16984503104778012,-0.00014783640298164554,69.7731781284092,0.047672938656532354,0.05307694765200496,0.21230779060801996,0.0,0.0,0.0,0.0,s3
s3,1000,0.01,3,,nan,noguard,,noguard,0.0,-1,0.12705737024347113,0.0008162082381486291,-125.79027704562759,-0.015567214341389302,0.03970134613925207,0.15880538455700832,0.0,0.0,0.0,0.0,s3
s3,1000,0.01,4,,nan,noguard,,noguard,0.0,-1,0.159201760503074,0.0003748219653678061,-546.2067154137185,-0.14719627074735472,0.0494392399063209,0.19775695962528372,0.0,0.0,0.0,0.0,s3
s3,1000,0.01,5,,nan,noguard,,noguard,0.0,-1,0.17637349363001312,0.0006842880676391375,398.0967414343613,0.05876442095916069,0.05487511722375582,0.21950046889502328,0.0,0.0,0.0,0.0,s3
s3,1000,0.02,1,,nan,noguard,,noguard,0.0,-1,0.3073216135147025,0.00011439740572922997,-4865.6294436898315,-4.340070451874358,0.09590814814358706,0.38363259257434823,0.0,0.0,0.0,0.0,s3
s3,1000,0.02,2,,nan,noguard,,noguard,0.0,-1,0.1780613861672304,-0.00020108712738759968,237.7320540494984,0.12063613010610665,0.055645035222797276,0.22258014089118916,0.0,0.0,0.0,0.0,s3
s3,1000,0.02,3,,nan,noguard,,noguard,0.0,-1,0.12308875796026776,0.0006778148211573004,832.9150113820797,0.12539018776092095,0.03817700933580817,0.15270803734323257,0.0,0.0,0.0,0.0,s3
s3,1000,0.02,4,,nan,noguard,,noguard,0.0,-1,0.1204946631520798,0.0003884422071669631,718.0154630166944,0.1886172064453419,0.03749166241496021,0.14996664965984086,0.0,0.0,0.0,0.0,s3
s3,1000,0.02,5,,nan,noguard,,noguard,0.0,-1,0.17190019407912502,0.0009254960913442987,430.9892381489044,0.04751883244021507,0.053417126262456614,0.21366850504982637,0.0,0.0,0.0,0.0,s3
s3,1000,0.05,1,,nan,noguard,,noguard,0.0,-1,0.3845759073231541,0.0002326352831354659,-9439.110652432311,-4.271022785543227,0.1199476164665941,0.4797904658663765,0.0,0.0,0.0,0.0,s3
s3,1000,0.05,2,,nan,noguard,,noguard,0.0,-1,0.19306379196620152,-7.638393172896222e-05,779.4356919243,1.0741246287105175,0.06032620082892867,0.2413048033157148,0.0,0.0,0.0,0.0,s3
s3,1000,0.05,3,,nan,noguard,,noguard,0.0,-1,0.21003461618775252,0.000846621789816571,2925.024614546448,0.363677537656695,0.06532421680847315,0.26129686723389267,0.0,0.0,0.0,0.0,s3
s3,1000,0.05,4,,nan,noguard,,noguard,0.0,-1,0.20292834019556336,0.0007680032203756273,469.5360936410725,0.06435500613922512,0.06313792326900915,0.25255169307603653,0.0,0.0,0.0,0.0,s3
s3,1000,0.05,5,,nan,noguard,,noguard,0.0,-1,0.18400613137963706,0.0007603101246845173,1396.0661154100671,0.1932820873572859,0.05721353667488032,0.2288541466995213,0.0,0.0,0.0,0.0,s3
s3,1000,0.1,1,,nan,noguard,,noguard,0.0,-1,0.394534959204832,-0.00018368576619753408,-14680.790553092957,-8.88037752794348,0.12300434096004567,0.4920173638401826,0.0,0.0,0.0,0.0,s3
s3,1000,0.1,2,,nan,noguard,,noguard,0.0,-1,0.16221466001545942,-4.833871427364647e-05,1280.81575401593,2.9440762687995683,0.05068847423858887,0.20275389695435542,0.0,0.0,0.0,0.0,s3
s3,1000,0.1,3,,nan,noguard,,noguard,0.0,-1,0.244807754249788,0.0008538641429063346,4564.426542403176,0.5939569062886592,0.076146170607794,0.304584682431176,0.0,0.0,0.0,0.0,s3
s3,1000,0.1,4,,nan,noguard,,noguard,0.0,-1,0.2011061689225632,0.0003568314782490747,3340.7810088405386,1.040261054581256,0.06276231273427531,0.2510492509371012,0.0,0.0,0.0,0.0,s3
s3,1000,0.1,5,,nan,noguard,,noguard,0.0,-1,0.2389817024088538,0.0006996320346227536,-1180.0203915340826,-0.18740333539446563,0.07434775376239572,0.2973910150495829,0.0,0.0,0.0,0.0,s3
s3,1000,0.0,1,,nan,random,full,random,0.0,-1,0.19891867152443002,1.0982887631282211e-05,0,0.0,0.06215849753396106,0.2486339901358443,0.0,0.3700000000000001,0.3700000000000001,0.0,s3
s3,1000,0.0,2,,nan,random,full,random,0.0,-1,0.19717340554230472,-3.477531129680574e-06,0,0.0,0.061616689231970244,0.2464667569278809,0.0,0.3700000000000001,0.3700000000000001,0.0,s3
s3,1000,0.0,3,,nan,random,full,random,0.0,-1,0.0898199627257027,1.860920844040811e-05,0,0.0,0.0280687383517821,0.11227495340712834,0.0,0.3700000000000001,0.3700000000000001,0.0,s3
s3,1000,0.0,4,,nan,random,full,random,0.0,-1,0.1294920341384131,-6.046763793937862e-06,0,0.0,0.040466260668254074,0.16186504267301638,0.0,0.3700000000000001,0.3700000000000001,0.0,s3
s3,1000,0.0,5,,nan,random,full,random,0.0,-1,0.1271601111654693,6.464508505538106e-07,0,0.0,0.039737206170374274,0.15894882468149718,0.0,0.3700000000000001,0.3700000000000001,0.0,s3
s3,1000,0.005,1,,nan,random,full,random,0.0,-1,0.20380591239619125,6.918142359310658e-06,-70.33048314371263,-1.0217179552812894,0.06369119333619411,0.25476477334477665,0.0,0.3700000000000001,0.3700000000000001,0.0,s3
s3,1000,0.005,2,,nan,random,full,random,0.0,-1,0.1683882236316272,-3.2764129301336544e-06,-90.2514587083715,-2.7684234423651817,0.05262361801194748,0.2104944720477897,0.0,0.3700000000000001,0.3700000000000001,0.0,s3
s3,1000,0.005,3,,nan,random,full,random,0.0,-1,0.0944087110775759,2.574095022288998e-05,402.74880891808425,1.572485354171347,0.02948717342096536,0.1179486936838614,0.0,0.3700000000000001,0.3700000000000001,0.0,s3
s3,1000,0.005,4,,nan,random,full,random,0.0,-1,0.09746348813450599,-5.659029377090871e-06,58.67808908963343,1.0421036882696695,0.03045629697386934,0.12182518789547725,0.0,0.3700000000000001,0.3700000000000001,0.0,s3
s3,1000,0.005,5,,nan,random,full,random,0.0,-1,0.12727719113730265,-6.500586078469478e-06,23.0777952716453,0.3567949691324856,0.039774224100351516,0.15909689640140612,0.0,0.3700000000000001,0.3700000000000001,0.0,s3
s3,1000,0.01,1,,nan,random,full,random,0.0,-1,0.2496398724603373,8.500192923226742e-06,-1091.0273300207919,-12.96497406653523,0.0780116085318891,0.3120464341275564,0.0,0.3700000000000001,0.3700000000000001,0.0,s3
s3,1000,0.01,2,,nan,random,full,random,0.0,-1,0.17135259159086622,1.0464778759450925e-05,-47.59053947037319,-0.45936233431463575,0.05354811520848239,0.21419246083392962,0.0,0.3700000000000001,0.3700000000000001,0.0,s3
s3,1000,0.01,3,,nan,random,full,random,0.0,-1,0.12349503502349822,1.9378195797290765e-05,-126.18500776594738,-0.6577475278777355,0.03858839661907341,0.1543535864762937,0.0,0.3700000000000001,0.3700000000000001,0.0,s3
s3,1000,0.01,4,,nan,random,full,random,0.0,-1,0.1264450167832975,-1.0676871905046883e-05,-478.2961472332245,-4.524990331853008,0.03951266541715164,0.1580506616686066,0.0,0.3700000000000001,0.3700000000000001,0.0,s3
s3,1000,0.01,5,,nan,random,full,random,0.0,-1,0.15665514470159805,-5.938877322419424e-06,344.44139316980727,5.858356390828477,0.04895056810545411,0.19580227242181647,0.0,0.3700000000000001,0.3700000000000001,0.0,s3
s3,1000,0.02,1,,nan,random,full,random,0.0,-1,0.32567987868325604,1.5140676586983763e-05,-4941.164922161726,-33.301054900997954,0.10175159425717334,0.40700637702869336,0.0,0.3700000000000001,0.3700000000000001,0.0,s3
s3,1000,0.02,2,,nan,random,full,random,0.0,-1,0.18532789069590044,2.1636286402235225e-05,-52.28650366445072,-0.24659303438641367,0.05791585804157304,0.23166343216629226,0.0,0.3700000000000001,0.3700000000000001,0.0,s3
s3,1000,0.02,3,,nan,random,full,random,0.0,-1,0.14202299870239485,2.4779766825959086e-05,668.7399173585,2.7538098948498404,0.04435180510218775,0.1774072204087509,0.0,0.3700000000000001,0.3700000000000001,0.0,s3
s3,1000,0.02,4,,nan,random,full,random,0.0,-1,0.11396503523968055,-1.1971441958555762e-06,786.6388567397371,67.05062879958635,0.035601124996618314,0.1424044999864733,0.0,0.3700000000000001,0.3700000000000001,0.0,s3
s3,1000,0.02,5,,nan,random,full,random,0.0,-1,0.15742164635397637,-1.3896843305389796e-05,336.4919787873514,2.4707709116554555,0.049190505643081056,0.19676202257232434,0.0,0.3700000000000001,0.3700000000000001,0.0,s3
s3,1000,0.05,1,,nan,random,full,random,0.0,-1,0.40392285830936764,3.798088745968906e-05,-9371.533933133353,-25.972991209494403,0.12610526780721576,0.504421071228863,0.0,0.3700000000000001,0.3700000000000001,0.0,s3
s3,1000,0.05,2,,nan,random,full,random,0.0,-1,0.1951382175875891,5.940218229827128e-06,782.1015273700468,13.859167017112089,0.06097452915234608,0.24389811660938432,0.0,0.3700000000000001,0.3700000000000001,0.0,s3
s3,1000,0.05,3,,nan,random,full,random,0.0,-1,0.228682277802133,2.4609306369565037e-05,2541.82579358574,10.872334467014058,0.0713687614505684,0.2854750458022737,0.0,0.3700000000000001,0.3700000000000001,0.0,s3
s3,1000,0.05,4,,nan,random,full,random,0.0,-1,0.18236061233805864,-1.243065599489369e-05,473.78351099975407,4.01201260390252,0.05694618421028549,0.22778473684114187,0.0,0.3700000000000001,0.3700000000000001,0.0,s3
s3,1000,0.05,5,,nan,random,full,random,0.0,-1,0.1847393758716328,-2.859396637466393e-06,1067.8893606588244,39.3122817982822,0.05771436944223291,0.23085747776893162,0.0,0.3700000000000001,0.3700000000000001,0.0,s3
s3,1000,0.1,1,,nan,random,full,random,0.0,-1,0.41030319726664116,6.264668998101519e-05,-13959.527705147862,-24.758828189890952,0.12804732663836663,0.5121893065534664,0.0,0.3700000000000001,0.3700000000000001,0.0,s3
s3,1000,0.1,2,,nan,random,full,random,0.0,-1,0.1906673449067816,4.5918731317131056e-05,1442.8524613715708,3.491319022844753,0.059405794650970116,0.2376231786038805,0.0,0.3700000000000001,0.3700000000000001,0.0,s3
s3,1000,0.1,3,,nan,random,full,random,0.0,-1,0.258446724863014,2.663365245713956e-05,4217.718606370501,17.595611471689402,0.08063602557476238,0.3225441022990494,0.0,0.3700000000000001,0.3700000000000001,0.0,s3
s3,1000,0.1,4,,nan,random,full,random,0.0,-1,0.20628999632552764,3.0757195339434675e-05,3598.5206761583686,12.999742865748962,0.06441524690481525,0.25766098761926104,0.0,0.3700000000000001,0.3700000000000001,0.0,s3
s3,1000,0.1,5,,nan,random,full,random,0.0,-1,0.26561375728181114,6.266624290496111e-06,-1656.9234656933695,-29.37827429330192,0.08297178201983293,0.33188712807933163,0.0,0.3700000000000001,0.3700000000000001,0.0,s3
s3,1000,0.0,1,,nan,rule,full,rule,0.0,-1,0.19950485773568136,3.9910125971585514e-05,0,0.0,0.06226758529756027,0.24907034119024107,0.0,0.01,0.01,0.0,s3
s3,1000,0.0,2,,nan,rule,full,rule,0.0,-1,0.1979646023497903,-9.177611971441656e-05,0,0.0,0.06186393823430946,0.24745575293723787,0.0,0.060000000000000005,0.060000000000000005,0.0,s3
s3,1000,0.0,3,,nan,rule,full,rule,0.0,-1,0.09099687257310746,9.386415897067637e-05,0,0.0,0.02843652267909609,0.11374609071638431,0.0,0.060000000000000005,0.060000000000000005,0.0,s3
s3,1000,0.0,4,,nan,rule,full,rule,0.0,-1,0.1509793237587801,0.0001685058431301266,0,0.0,0.04713214515082228,0.18852858060328903,0.0,0.52,0.52,0.0,s3
s3,1000,0.0,5,,nan,rule,full,rule,0.0,-1,0.13547543046024868,-0.0003545994820544496,0,0.0,0.0423360720188277,0.16934428807531088,0.0,0.02,0.02,0.0,s3
s3,1000,0.005,1,,nan,rule,full,rule,0.0,-1,0.20371449821675475,0.00014119732544032025,-70.32881126957363,-0.05005917935135127,0.0636370549337633,0.25454821973505326,0.0,0.02,0.02,0.0,s3
s3,1000,0.005,2,,nan,rule,full,rule,0.0,-1,0.16062449803979179,-0.0005007699613237576,-104.99712362684659,-0.021072499453584657,0.05019707380860835,0.2007882952344333,0.0,0.01,0.01,0.0,s3
s3,1000,0.005,3,,nan,rule,full,rule,0.0,-1,0.08171981959905855,9.749214128764281e-05,332.16579269059,0.34242243848483916,0.025537029279151465,0.10214811711660587,0.0,0.060000000000000005,0.060000000000000005,0.0,s3
s3,1000,0.005,4,,nan,rule,full,rule,0.0,-1,0.12473450556709172,0.00018628309173144439,68.27792328622309,0.036836960236462386,0.03892192170105182,0.1556876868042072,0.0,0.51,0.51,0.0,s3
s3,1000,0.005,5,,nan,rule,full,rule,0.0,-1,0.1434958639285236,-0.00033475071816064004,40.65610023794579,0.01220621795039247,0.04484219446196218,0.17936877784784877,0.0,0.02,0.02,0.0,s3
s3,1000,0.01,1,,nan,rule,full,rule,0.0,-1,0.2515730204018963,3.639928454439146e-05,-1060.4095546388999,-2.9426972965779274,0.07851983240442612,0.31407932961770446,0.0,0.02,0.02,0.0,s3
s3,1000,0.01,2,,nan,rule,full,rule,0.0,-1,0.16984503104778012,-0.00015546606923538174,-64.23619340651203,-0.04173582323402229,0.05307694765200496,0.21230779060801996,0.0,0.02,0.02,0.0,s3
s3,1000,0.01,3,,nan,rule,full,rule,0.0,-1,0.12705737024347113,9.454011981610697e-05,-125.67194822325837,-0.13427247827545896,0.03970134613925207,0.15880538455700832,0.0,0.060000000000000005,0.060000000000000005,0.0,s3
s3,1000,0.01,4,,nan,rule,full,rule,0.0,-1,0.1629736560394929,0.000160577875169916,-717.1362030180753,-0.4511082253903634,0.05088436983383563,0.2035374793353426,0.0,0.52,0.52,0.0,s3
s3,1000,0.01,5,,nan,rule,full,rule,0.0,-1,0.16767922775811264,-0.0003434578453472844,238.0185528403381,0.07000066642929784,0.052393715990190985,0.20957486396076397,0.0,0.03,0.03,0.0,s3
s3,1000,0.02,1,,nan,rule,full,rule,0.0,-1,0.3073216135147025,0.00011439740572922997,-4865.6294436898315,-4.340070451874358,0.09590814814358706,0.38363259257434823,0.0,0.0,0.0,0.0,s3
s3,1000,0.02,2,,nan,rule,full,rule,0.0,-1,0.1780613861672304,-0.00028035683179863404,-183.4277634646278,-0.06676177142108644,0.055645035222797276,0.22258014089118916,0.0,0.02,0.02,0.0,s3
s3,1000,0.02,3,,nan,rule,full,rule,0.0,-1,0.12039108048191992,8.359811171224074e-05,818.0640557558509,0.9985383921595997,0.037564915625219485,0.15025966250087786,0.0,0.060000000000000005,0.060000000000000005,0.0,s3
s3,1000,0.02,4,,nan,rule,full,rule,0.0,-1,0.13820413338058127,0.0002296040092001916,777.4152355858823,0.3454995648386062,0.043127923128393045,0.17251169251357212,0.0,0.51,0.51,0.0,s3
s3,1000,0.02,5,,nan,rule,full,rule,0.0,-1,0.16697149653100188,-0.0003515469847857116,359.23524188564625,0.10427242707717832,0.05217090624657213,0.20868362498628845,0.0,0.03,0.03,0.0,s3
s3,1000,0.05,1,,nan,rule,full,rule,0.0,-1,0.3845759073231541,0.0002326352831354659,-9439.110652432311,-4.271022785543227,0.1199476164665941,0.4797904658663765,0.0,0.0,0.0,0.0,s3
s3,1000,0.05,2,,nan,rule,full,rule,0.0,-1,0.1740895570432055,-2.01269058645948e-05,615.1033862638287,3.216973602672545,0.05439683989365648,0.21758735957462583,0.0,0.02,0.02,0.0,s3
s3,1000,0.05,3,,nan,rule,full,rule,0.0,-1,0.2200605257359012,0.00014063117840415552,3123.4246541894972,2.337899363975945,0.06861766670873794,0.2744706668349517,0.0,0.060000000000000005,0.060000000000000005,0.0,s3
s3,1000,0.05,4,,nan,rule,full,rule,0.0,-1,0.1765750879470859,0.00010668908638193419,208.8373492830433,0.20604618164226482,0.055111169862738583,0.22044467945095425,0.0,0.55,0.55,0.0,s3
s3,1000,0.05,5,,nan,rule,full,rule,0.0,-1,0.1626272079318983,-0.0003096999146354042,1205.4914472242817,0.40973158387631725,0.05077890369977356,0.20311561479909424,0.0,0.04,0.04,0.0,s3
s3,1000,0.1,1,,nan,rule,full,rule,0.0,-1,0.394534959204832,-0.00018368576619753408,-14680.790553092957,-8.88037752794348,0.12300434096004567,0.4920173638401826,0.0,0.0,0.0,0.0,s3
s3,1000,0.1,2,,nan,rule,full,rule,0.0,-1,0.18659678706834248,7.902791343857017e-05,1174.7730157226324,1.651699119979374,0.058041834524072564,0.2321673380962903,0.0,0.02,0.02,0.0,s3
s3,1000,0.1,3,,nan,rule,full,rule,0.0,-1,0.258389377117128,2.389657345972955e-05,4147.95637261495,19.28661622463747,0.08061988029292115,0.32247952117168466,0.0,0.07,0.07,0.0,s3
s3,1000,0.1,4,,nan,rule,full,rule,0.0,-1,0.20003535488895427,0.0001573882061789433,3890.2007022378966,2.7463590377250684,0.06250415705412422,0.25001662821649684,0.0,0.5700000000000001,0.5700000000000001,0.0,s3
s3,1000,0.1,5,,nan,rule,full,rule,0.0,-1,0.2412631113931224,-0.00044622301234843004,-1332.183615562506,-0.3317184404052803,0.07536160621024578,0.30144642484098316,0.0,0.03,0.03,0.0,s3
s3,1000,0.0,1,,nan,oracle,full,oracle,0.0,-1,0.1813693163347619,0.00036925700720380993,0,0.0,0.0566779113546131,0.22671164541845235,0.0,0.0,0.0,0.0,s3
s3,1000,0.0,2,,nan,oracle,full,oracle,0.0,-1,0.1979646023497903,-5.0983853554353116e-05,0,0.0,0.06186393823430946,0.24745575293723787,0.0,0.0,0.0,0.0,s3
s3,1000,0.0,3,,nan,oracle,full,oracle,0.0,-1,0.09099687257310746,0.0008049310011127963,0,0.0,0.02843652267909609,0.11374609071638431,0.0,0.0,0.0,0.0,s3
s3,1000,0.0,4,,nan,oracle,full,oracle,0.0,-1,0.13888242964384234,0.00043836718068420886,0,0.0,0.04326232226948112,0.1730492890779245,0.0,0.0,0.0,0.0,s3
s3,1000,0.0,5,,nan,oracle,full,oracle,0.0,-1,0.13911252062287016,0.0008426334409004077,0,0.0,0.04320694603544305,0.17282778414177224,0.0,0.0,0.0,0.0,s3
s3,1000,0.005,1,,nan,oracle,full,oracle,0.0,-1,0.1833557154942528,0.0002473614387629769,-35.216149626416154,-0.01430825895071793,0.057297715198238106,0.22919086079295226,0.0,0.0,0.0,0.0,s3
s3,1000,0.005,2,,nan,oracle,full,oracle,0.0,-1,0.1637743731010657,-0.0003228079997553448,-130.16011643907405,-0.040523836917021105,0.05117863310072501,0.20471453240290005,0.0,0.0,0.0,0.0,s3
s3,1000,0.005,3,,nan,oracle,full,oracle,0.0,-1,0.08171981959905855,0.0007640866757204859,318.0412337160087,0.04183287590625246,0.025537029279151465,0.10214811711660587,0.0,0.0,0.0,0.0,s3
s3,1000,0.005,4,,nan,oracle,full,oracle,0.0,-1,0.1178662480615672,0.00026377093592387196,75.41622733458644,0.02873523691526754,0.03675406476496447,0.14701625905985782,0.0,0.0,0.0,0.0,s3
s3,1000,0.005,5,,nan,oracle,full,oracle,0.0,-1,0.14969959245843795,0.0006884125679055575,41.312308647989994,0.0060312536587261625,0.04653106695111619,0.18612426780446478,0.0,0.0,0.0,0.0,s3
s3,1000,0.01,1,,nan,oracle,full,oracle,0.0,-1,0.23040662709948126,0.00024962477954838314,-991.2417334493948,-0.40110371976009834,0.07182554678978564,0.2873021871591426,0.0,0.0,0.0,0.0,s3
s3,1000,0.01,2,,nan,oracle,full,oracle,0.0,-1,0.16984503104778012,-0.00014783640298164554,69.7731781284092,0.047672938656532354,0.05307694765200496,0.21230779060801996,0.0,0.0,0.0,0.0,s3
s3,1000,0.01,3,,nan,oracle,full,oracle,0.0,-1,0.12705737024347113,0.0008162082381486291,-125.79027704562759,-0.015567214341389302,0.03970134613925207,0.15880538455700832,0.0,0.0,0.0,0.0,s3
s3,1000,0.01,4,,nan,oracle,full,oracle,0.0,-1,0.159201760503074,0.0003748219653678061,-546.2067154137185,-0.14719627074735472,0.0494392399063209,0.19775695962528372,0.0,0.0,0.0,0.0,s3
s3,1000,0.01,5,,nan,oracle,full,oracle,0.0,-1,0.17637349363001312,0.0006842880676391375,398.0967414343613,0.05876442095916069,0.05487511722375582,0.21950046889502328,0.0,0.0,0.0,0.0,s3
s3,1000,0.02,1,,nan,oracle,full,oracle,0.0,-1,0.3073216135147025,0.00011439740572922997,-4865.6294436898315,-4.340070451874358,0.09590814814358706,0.38363259257434823,0.0,0.0,0.0,0.0,s3
s3,1000,0.02,2,,nan,oracle,full,oracle,0.0,-1,0.1780613861672304,-0.00020108712738759968,237.7320540494984,0.12063613010610665,0.055645035222797276,0.22258014089118916,0.0,0.0,0.0,0.0,s3
s3,1000,0.02,3,,nan,oracle,full,oracle,0.0,-1,0.12308875796026776,0.0006778148211573004,832.9150113820797,0.12539018776092095,0.03817700933580817,0.15270803734323257,0.0,0.0,0.0,0.0,s3
s3,1000,0.02,4,,nan,oracle,full,oracle,0.0,-1,0.1204946631520798,0.0003884422071669631,718.0154630166944,0.1886172064453419,0.03749166241496021,0.14996664965984086,0.0,0.0,0.0,0.0,s3
s3,1000,0.02,5,,nan,oracle,full,oracle,0.0,-1,0.17190019407912502,0.0009254960913442987,430.9892381489044,0.04751883244021507,0.053417126262456614,0.21366850504982637,0.0,0.0,0.0,0.0,s3
s3,1000,0.05,1,,nan,oracle,full,oracle,0.0,-1,0.3845759073231541,0.0002326352831354659,-9439.110652432311,-4.271022785543227,0.1199476164665941,0.4797904658663765,0.0,0.0,0.0,0.0,s3
s3,1000,0.05,2,,nan,oracle,full,oracle,0.0,-1,0.19306379196620152,-7.638393172896222e-05,779.4356919243,1.0741246287105175,0.06032620082892867,0.2413048033157148,0.0,0.0,0.0,0.0,s3
s3,1000,0.05,3,,nan,oracle,full,oracle,0.0,-1,0.21003461618775252,0.000846621789816571,2925.024614546448,0.363677537656695,0.06532421680847315,0.26129686723389267,0.0,0.0,0.0,0.0,s3
s3,1000,0.05,4,,nan,oracle,full,oracle,0.0,-1,0.20292834019556336,0.0007680032203756273,469.5360936410725,0.06435500613922512,0.06313792326900915,0.25255169307603653,0.0,0.0,0.0,0.0,s3
s3,1000,0.05,5,,nan,oracle,full,oracle,0.0,-1,0.18400613137963706,0.0007603101246845173,1396.0661154100671,0.1932820873572859,0.05721353667488032,0.2288541466995213,0.0,0.0,0.0,0.0,s3
s3,1000,0.1,1,,nan,oracle,full,oracle,0.0,-1,0.394534959204832,-0.00018368576619753408,-14680.790553092957,-8.88037752794348,0.12300434096004567,0.4920173638401826,0.0,0.0,0.0,0.0,s3
s3,1000,0.1,2,,nan,oracle,full,oracle,0.0,-1,0.16221466001545942,-4.833871427364647e-05,1280.81575401593,2.9440762687995683,0.05068847423858887,0.20275389695435542,0.0,0.0,0.0,0.0,s3
s3,1000,0.1,3,,nan,oracle,full,oracle,0.0,-1,0.244807754249788,0.0008538641429063346,4564.426542403176,0.5939569062886592,0.076146170607794,0.304584682431176,0.0,0.0,0.0,0.0,s3
s3,1000,0.1,4,,nan,oracle,full,oracle,0.0,-1,0.2011061689225632,0.0003568314782490747,3340.7810088405386,1.040261054581256,0.06276231273427531,0.2510492509371012,0.0,0.0,0.0,0.0,s3
s3,1000,0.1,5,,nan,oracle,full,oracle,0.0,-1,0.2389817024088538,0.0006996320346227536,-1180.0203915340826,-0.18740333539446563,0.07434775376239572,0.2973910150495829,0.0,0.0,0.0,0.0,s3
s4,1000,0.0,1,,nan,noguard,,noguard,0.0,-1,0.6470258138008725,-0.00021793375494088977,0,0.0,0.20210168153048105,0.8084067261219241,0.0,0.0,0.0,0.0,s4
s4,1000,0.0,2,,nan,noguard,,noguard,0.0,-1,0.6854668546857036,-0.00011053660110644996,0,0.0,0.2141418977864409,0.8565675911457638,0.0,0.0,0.0,0.0,s4
s4,1000,0.0,3,,nan,noguard,,noguard,0.0,-1,0.803237896667601,0.0005454862015767022,0,0.0,0.2510118427086253,1.0040473708345012,0.0,0.0,0.0,0.0,s4
s4,1000,0.0,4,,nan,noguard,,noguard,0.0,-1,0.90524584785387,-0.00013901057844702155,0,0.0,0.28288932745433437,1.1315573098173375,0.0,0.0,0.0,0.0,s4
s4,1000,0.0,5,,nan,noguard,,noguard,0.0,-1,0.7118000981264913,0.00048196859465278685,0,0.0,0.2224375306645285,0.8897501226581142,0.0,0.0,0.0,0.0,s4
s4,1000,0.005,1,,nan,noguard,,noguard,0.0,-1,0.84413945104652,3.967785370559549e-05,-4999.287021945842,-12.663006181137506,0.26381248158067666,1.0552499263227064,0.0,0.0,0.0,0.0,s4
s4,1000,0.005,2,,nan,noguard,,noguard,0.0,-1,0.8081041238186081,8.459185250290675e-05,-3416.6213408886397,-4.059244703539741,0.2525139699404082,1.0100558797616328,0.0,0.0,0.0,0.0,s4
s4,1000,0.005,3,,nan,noguard,,noguard,0.0,-1,0.8044396799721224,0.0005781112179631863,-11950.492273426964,-2.077549202510698,0.2513015445929298,1.0052061783717194,0.0,0.0,0.0,0.0,s4
s4,1000,0.005,4,,nan,noguard,,noguard,0.0,-1,0.9080233701017262,0.00010878020210687689,-3547.6875991581473,-3.2777243523873802,0.2836563927273861,1.1346255709095443,0.0,0.0,0.0,0.0,s4
s4,1000,0.005,5,,nan,noguard,,noguard,0.0,-1,0.862989459387744,0.00021721492782478507,-13258.244905036438,-6.134416904367327,0.26958316580094877,1.078332663203795,0.0,0.0,0.0,0.0,s4
s4,1000,0.01,1,,nan,noguard,,noguard,0.0,-1,0.9199296071589032,0.00015024165501968578,-13270.406522029894,-8.921927165004325,0.2876925628161097,1.150770251264439,0.0,0.0,0.0,0.0,s4
s4,1000,0.01,2,,nan,noguard,,noguard,0.0,-1,0.8042839096571582,0.00018171754999349665,-2544.3760639017564,-1.414325051331572,0.25131231097208473,1.005249243888339,0.0,0.0,0.0,0.0,s4
s4,1000,0.01,3,,nan,noguard,,noguard,0.0,-1,0.9257723364420274,0.0007710023117108703,-31369.186001890746,-4.1097213309574006,0.2897458269973494,1.1589833079893976,0.0,0.0,0.0,0.0,s4
s4,1000,0.01,4,,nan,noguard,,noguard,0.0,-1,0.9083496169072424,0.00022805353598349325,-9906.177119826782,-4.3876712859654186,0.28365642121475254,1.1346256848590102,0.0,0.0,0.0,0.0,s4
s4,1000,0.01,5,,nan,noguard,,noguard,1.0,4,1.055621848766622,0.00022124877234074201,-30259.178123235237,-13.814687450574349,0.329563836171927,1.3182553446877083,0.0,0.0,0.0,0.0,s4
s4,1000,0.02,1,,nan,noguard,,noguard,0.0,-1,0.940141303767298,5.729189935805542e-05,-34972.5185959317,-62.288462880605884,0.2945753568829975,1.17830142753199,0.0,0.0,0.0,0.0,s4
s4,1000,0.02,2,,nan,noguard,,noguard,0.0,-1,0.8465094708271056,0.00029735362250528927,-13460.870234445203,-4.619275109600703,0.264753601319299,1.0590144052771961,0.0,0.0,0.0,0.0,s4
s4,1000,0.02,3,,nan,noguard,,noguard,0.0,-1,0.9398356266631206,0.0007257505742108868,-75735.35598928807,-10.648420854961312,0.29517661474556245,1.1807064589822498,0.0,0.0,0.0,0.0,s4
s4,1000,0.02,4,,nan,noguard,,noguard,1.0,4,1.0376728356946108,-0.00013037188099450147,-15862.551017277874,-12.415465992183849,0.32356414054344373,1.2942565621737754,0.0,0.0,0.0,0.0,s4
s4,1000,0.02,5,,nan,noguard,,noguard,1.0,4,1.0641166348636433,0.00038198905122200294,-68154.32852761587,-18.206080244699667,0.33172416924189174,1.326896676967567,0.0,0.0,0.0,0.0,s4
s4,1000,0.05,1,,nan,noguard,,noguard,0.0,-1,0.9365322040205566,0.0001471116769529487,-89495.84471970331,-64.03716842046477,0.29484292362510706,1.179371694500428,0.0,0.0,0.0,0.0,s4
s4,1000,0.05,2,,nan,noguard,,noguard,0.0,-1,0.8102249274707934,8.273982483285822e-05,-8320.806565989275,-10.58588626621625,0.2536080998725935,1.014432399490374,0.0,0.0,0.0,0.0,s4
s4,1000,0.05,3,,nan,noguard,,noguard,0.0,-1,0.8701595391572445,0.0008562828823106462,-152313.26315572998,-18.723923367193617,0.27033380747862384,1.0813352299144956,0.0,0.0,0.0,0.0,s4
s4,1000,0.05,4,,nan,noguard,,noguard,1.0,4,1.0410115158494604,-4.0108713861946995e-05,-38484.36198037071,-101.00013392504535,0.3235641499578534,1.2942565998314137,0.0,0.0,0.0,0.0,s4
s4,1000,0.05,5,,nan,noguard,,noguard,1.0,4,1.0679463267304492,0.0007428060150728806,-191951.98732577963,-27.201546487341787,0.3317241692646774,1.3268966770587096,0.0,0.0,0.0,0.0,s4
s4,1000,0.1,1,,nan,noguard,,noguard,0.0,-1,0.8752783301352245,0.0002841601266144878,-149390.19551346172,-58.4139330537607,0.2773689638676749,1.1094758554706994,0.0,0.0,0.0,0.0,s4
s4,1000,0.1,2,,nan,noguard,,noguard,0.0,-1,0.8059419520792952,5.247093900707033e-05,-24215.52966293227,-51.2781828933902,0.2529444183916725,1.01177767356669,0.0,0.0,0.0,0.0,s4
s4,1000,0.1,3,,nan,noguard,,noguard,0.0,-1,0.895893719995001,0.0006913176663027455,-359845.0783652747,-57.83562092209147,0.28893648484715506,1.1557459393886202,0.0,0.0,0.0,0.0,s4
s4,1000,0.1,4,,nan,noguard,,noguard,1.0,4,1.0477274574992994,-2.5867188273618617e-05,-102909.30320400186,-442.0413576348588,0.3235641499578534,1.2942565998314137,0.0,0.0,0.0,0.0,s4
s4,1000,0.1,5,,nan,noguard,,noguard,1.0,4,1.075652122519415,0.0005717615593433794,-357582.64676630776,-69.48946557702241,0.3317241692646774,1.3268966770587096,0.0,0.0,0.0,0.0,s4
s4,1000,0.0,1,,nan,random,full,random,0.0,-1,0.4258283410452973,1.799732901211828e-05,0,0.0,0.13306492379821971,0.5322596951928789,0.0,0.3700000000000001,0.3700000000000001,0.0,s4
s4,1000,0.0,2,,nan,random,full,random,0.0,-1,0.5398422420359266,-1.76915947124362e-06,0,0.0,0.16870070063622708,0.6748028025449082,0.0,0.3700000000000001,0.3700000000000001,0.0,s4
s4,1000,0.0,3,,nan,random,full,random,0.0,-1,0.3137874104934858,2.8340700281970202e-05,0,0.0,0.09805061398778563,0.39220245595114256,0.0,0.3700000000000001,0.3700000000000001,0.0,s4
s4,1000,0.0,4,,nan,random,full,random,0.0,-1,0.37451285863941236,-3.765639683790505e-06,0,0.0,0.11703526832481638,0.46814107329926546,0.0,0.3700000000000001,0.3700000000000001,0.0,s4
s4,1000,0.0,5,,nan,random,full,random,0.0,-1,0.5097207718447458,7.934484913945198e-07,0,0.0,0.1592877412014831,0.6371509648059324,0.0,0.3700000000000001,0.3700000000000001,0.0,s4
s4,1000,0.005,1,,nan,random,full,random,0.0,-1,0.859548816405984,1.4043435130137296e-05,-6822.493908649863,-48.82550269288009,0.2687671311494525,1.07506852459781,0.0,0.3700000000000001,0.3700000000000001,0.0,s4
s4,1000,0.005,2,,nan,random,full,random,0.0,-1,0.7973619999997821,-2.5979953334109866e-06,-2199.271270155179,-85.0780159668751,0.24924045703158468,0.9969618281263388,0.0,0.3700000000000001,0.3700000000000001,0.0,s4
s4,1000,0.005,3,,nan,random,full,random,0.0,-1,0.8639110011855143,2.8607098535264857e-05,-14103.196529693902,-49.54737666436588,0.269846065851965,1.07938426340786,0.0,0.3700000000000001,0.3700000000000001,0.0,s4
s4,1000,0.005,4,,nan,random,full,random,1.0,4,1.0335833314971896,-2.576886704331966e-06,-6153.476067259995,-239.99495387791922,0.3228561447431761,1.2914245789727046,0.0,0.3700000000000001,0.3700000000000001,0.0,s4
s4,1000,0.005,5,,nan,random,full,random,1.0,4,1.1338101971782164,1.04093237943835e-06,-13972.972115939425,-1349.0970531436185,0.35423691903447635,1.4169476761379047,0.0,0.3700000000000001,0.3700000000000001,0.0,s4
s4,1000,0.01,1,,nan,random,full,random,0.0,-1,0.9188066375077659,2.207859369032461e-05,-14485.86516236153,-66.2731840529345,0.28746672678123775,1.149866907124951,0.0,0.3700000000000001,0.3700000000000001,0.0,s4
s4,1000,0.01,2,,nan,random,full,random,0.0,-1,0.8348377451880291,3.206951895521747e-06,-4436.6811287907185,-139.74316533857734,0.26101456830620734,1.0440582732248291,0.0,0.3700000000000001,0.3700000000000001,0.0,s4
s4,1000,0.01,3,,nan,random,full,random,0.0,-1,0.8741753847348549,3.199357564363516e-05,-28351.35433842754,-89.51088172814013,0.2737994167324724,1.0951976669298897,0.0,0.3700000000000001,0.3700000000000001,0.0,s4
s4,1000,0.01,4,,nan,random,full,random,1.0,4,1.0362946858687991,1.0709434134340045e-06,-11250.978531778383,-1061.1788295268743,0.32356216941942634,1.2942486776777056,0.0,0.3700000000000001,0.3700000000000001,0.0,s4
s4,1000,0.01,5,,nan,random,full,random,1.0,4,1.1391952436149857,7.799107488056625e-06,-28225.8205246813,-365.56657113100937,0.3558372973352556,1.4233491893410224,0.0,0.3700000000000001,0.3700000000000001,0.0,s4
s4,1000,0.02,1,,nan,random,full,random,0.0,-1,0.9171193676958935,1.566705165639976e-05,-35143.052030005376,-228.88963386309183,0.2874445067391493,1.1497780269565974,0.0,0.3700000000000001,0.3700000000000001,0.0,s4
s4,1000,0.02,2,,nan,random,full,random,0.0,-1,0.8414418300094413,2.800817506729948e-06,-11697.03703033668,-426.1524373898793,0.2632880935634771,1.0531523742539086,0.0,0.3700000000000001,0.3700000000000001,0.0,s4
s4,1000,0.02,3,,nan,random,full,random,0.0,-1,0.8750061310891145,3.18993681119945e-05,-69778.3313078339,-223.20937090528747,0.27500388307156676,1.100015532286267,0.0,0.3700000000000001,0.3700000000000001,0.0,s4
s4,1000,0.02,4,,nan,random,full,random,1.0,4,1.0376674050331647,5.859993139319882e-06,-32724.348639161442,-569.8333034706553,0.3235641499578012,1.294256599831205,0.0,0.3700000000000001,0.3700000000000001,0.0,s4
s4,1000,0.02,5,,nan,random,full,random,1.0,4,1.1493567111259715,7.627570361697248e-06,-71999.30909731018,-963.1990170984074,0.3587540691501272,1.4350162766005088,0.0,0.3700000000000001,0.3700000000000001,0.0,s4
s4,1000,0.05,1,,nan,random,full,random,0.0,-1,0.9183384246205964,1.6589091034508063e-05,-85749.50573410885,-544.1083988694145,0.28912559038947827,1.156502361557913,0.0,0.3700000000000001,0.3700000000000001,0.0,s4
s4,1000,0.05,2,,nan,random,full,random,0.0,-1,0.8515653193648761,-4.443258449239166e-06,-32758.17027168814,-776.0584915428079,0.26706382778088,1.06825531112352,0.0,0.3700000000000001,0.3700000000000001,0.0,s4
s4,1000,0.05,3,,nan,random,full,random,0.0,-1,0.8735638380490081,3.108049764601808e-05,-169483.56976280268,-574.0054733901982,0.27692057357406424,1.1076822942962572,0.0,0.3700000000000001,0.3700000000000001,0.0,s4
s4,1000,0.05,4,,nan,random,full,random,1.0,4,1.0410058255447203,-1.0721648700143163e-06,-75925.59087680979,-7454.233657749021,0.3235641499578534,1.2942565998314137,0.0,0.3700000000000001,0.3700000000000001,0.0,s4
s4,1000,0.05,5,,nan,random,full,random,1.0,4,1.1419035704280063,3.0740925940243822e-06,-169237.11574600916,-5795.021682512379,0.3558375513398891,1.4233502053595561,0.0,0.3700000000000001,0.3700000000000001,0.0,s4
s4,1000,0.1,1,,nan,random,full,random,0.0,-1,0.9093131370500589,3.569591502452062e-05,-179875.29887398798,-559.9000419404546,0.28886165417070087,1.1554466166828035,0.0,0.3700000000000001,0.3700000000000001,0.0,s4
s4,1000,0.1,2,,nan,random,full,random,0.0,-1,0.8527703744580467,2.2926955005774896e-06,-71192.73054558598,-3450.219792362977,0.2686820583480626,1.0747282333922503,0.0,0.3700000000000001,0.3700000000000001,0.0,s4
s4,1000,0.1,3,,nan,random,full,random,0.0,-1,0.8762608175441988,2.9509049317075148e-05,-362309.31991919596,-1364.2117260225923,0.2819978542844258,1.1279914171377032,0.0,0.3700000000000001,0.3700000000000001,0.0,s4
s4,1000,0.1,4,,nan,random,full,random,1.0,4,1.0477213445541702,-3.116354684034983e-06,-164975.51522698905,-5882.068846946759,0.3235641499578534,1.2942565998314137,0.0,0.3700000000000001,0.3700000000000001,0.0,s4
s4,1000,0.1,5,,nan,random,full,random,1.0,4,1.1446491854158696,9.195999543492992e-06,-353873.32399673667,-4275.691623938976,0.35549601980621964,1.4219840792248784,0.0,0.3700000000000001,0.3700000000000001,0.0,s4
s4,1000,0.0,1,,nan,rule,full,rule,0.0,-1,0.47335467803104037,-0.0002381696356596425,0,0.0,0.1479233368847001,0.5916933475388004,0.0,6.399999999999993,6.399999999999993,845.0704225352113,s4
s4,1000,0.0,2,,nan,rule,full,rule,0.0,-1,0.7474622371624203,-2.602129137776792e-05,0,0.0,0.2335819491132564,0.9343277964530254,0.0,6.669999999999991,6.669999999999991,840.0,s4
s4,1000,0.0,3,,nan,rule,full,rule,0.0,-1,0.803237896667601,0.0006363671904327348,0,0.0,0.2510118427086253,1.0040473708345012,0.0,6.839999999999989,6.839999999999989,750.0,s4
s4,1000,0.0,4,,nan,rule,full,rule,0.0,-1,0.3881356081139489,4.6328501044400035e-05,0,0.0,0.12128040435508111,0.48512161742032456,0.0,6.209999999999994,6.209999999999994,869.5652173913044,s4
s4,1000,0.0,5,,nan,rule,full,rule,0.0,-1,0.3630216224622171,-7.22854006016627e-05,0,0.0,0.11344425701944286,0.4537770280777713,0.0,6.2199999999999935,6.2199999999999935,857.1428571428571,s4
s4,1000,0.005,1,,nan,rule,full,rule,0.0,-1,0.9101433309442684,-0.0004225659646915656,-8630.223583109037,-2.0526006033505393,0.2846223780272787,1.138489512109115,0.0,7.26999999999999,7.26999999999999,878.7012987012987,s4
s4,1000,0.005,2,,nan,rule,full,rule,0.0,-1,0.8563177553900887,-0.000229760147575757,-4360.29782065851,-1.9072972015473293,0.2677117151987971,1.0708468607951884,0.0,7.049999999999991,7.049999999999991,852.8571428571429,s4
s4,1000,0.005,3,,nan,rule,full,rule,0.0,-1,0.938092903741574,8.58438321427634e-05,-17295.085630987625,-20.248391963822744,0.2935110569549432,1.1740442278197727,0.0,7.46999999999999,7.46999999999999,917.4675324675325,s4
s4,1000,0.005,4,,nan,rule,full,rule,1.0,4,1.0327752322374484,2.926261580020339e-06,-6159.319422143366,-211.5419488909962,0.3226036528823522,1.2904146115294086,0.0,8.059999999999988,8.059999999999988,947.0481927710844,s4
s4,1000,0.005,5,,nan,rule,full,rule,1.0,4,1.1092203209454716,-0.00010819918760196798,-14131.106810161727,-13.125900214142781,0.3465591192263506,1.3862364769054025,0.0,8.40999999999999,8.40999999999999,914.9425287356322,s4
s4,1000,0.01,1,,nan,rule,full,rule,1.0,25,0.9814633290740463,-0.00046776781449094415,-18515.43038953602,-3.9982346710362107,0.30714230964972833,1.2285692385989133,0.0,7.329999999999989,7.329999999999989,863.0769230769231,s4
s4,1000,0.01,2,,nan,rule,full,rule,0.0,-1,0.8909600780615348,-0.00025415459251012466,-8223.387498693075,-3.2682675283748783,0.27863822021135987,1.1145528808454395,0.0,6.999999999999991,6.999999999999991,859.7368421052631,s4
s4,1000,0.01,3,,nan,rule,full,rule,1.0,25,0.9923474307127177,0.0001792965079917375,-34097.1489512517,-19.209277962519554,0.310818369263914,1.2432734770556562,0.0,7.379999999999989,7.379999999999989,925.7142857142857,s4
s4,1000,0.01,4,,nan,rule,full,rule,1.0,4,1.0362928930901107,-2.2858522310476713e-05,-13379.24470530951,-59.12188201696527,0.3235613510139569,1.2942454040558276,0.0,8.059999999999988,8.059999999999988,930.3614457831326,s4
s4,1000,0.01,5,,nan,rule,full,rule,1.0,4,1.0906275985307774,-0.0001126829465442911,-28655.580132431816,-25.68714372890728,0.3406866422946625,1.36274656917865,0.0,8.40999999999999,8.40999999999999,921.7241379310345,s4
s4,1000,0.02,1,,nan,rule,full,rule,1.0,25,0.9713957686510551,-0.000551041243274373,-43566.33411151555,-8.067534601724738,0.3045984257226692,1.218393702890677,0.0,7.209999999999991,7.209999999999991,913.7837837837837,s4
s4,1000,0.02,2,,nan,rule,full,rule,0.0,-1,0.902963906482905,-0.00023035672690871419,-21792.445011997712,-9.653370702981436,0.28274401662722437,1.1309760665088975,0.0,6.999999999999991,6.999999999999991,851.0526315789474,s4
s4,1000,0.02,3,,nan,rule,full,rule,1.0,24,1.0363671311766298,0.0002018903357839706,-89397.22572155588,-45.183766991777674,0.3258325035062511,1.3033300140250037,0.0,7.449999999999989,7.449999999999989,880.7594936708861,s4
s4,1000,0.02,4,,nan,rule,full,rule,1.0,4,1.0376683391375414,-1.3464084208505798e-05,-32791.690983986366,-248.51975558942536,0.3235641499577223,1.2942565998308893,0.0,8.059999999999988,8.059999999999988,920.9638554216867,s4
s4,1000,0.02,5,,nan,rule,full,rule,1.0,4,1.1165685974364121,-9.777360824849076e-05,-71661.59413053363,-74.78917568180307,0.3485531639264068,1.3942126557056271,0.0,8.40999999999999,8.40999999999999,912.4137931034483,s4
s4,1000,0.05,1,,nan,rule,full,rule,1.0,25,0.9696520394774154,-0.0005927342921581707,-105343.5694940486,-18.70787119211956,0.30561278230197747,1.2224511292079097,0.0,7.219999999999991,7.219999999999991,874.0,s4
s4,1000,0.05,2,,nan,rule,full,rule,0.0,-1,0.8931890017765205,-0.0002502130337847691,-48944.74737166986,-20.590768565373217,0.2804619997467972,1.1218479989871888,0.0,6.969999999999992,6.969999999999992,858.9041095890411,s4
s4,1000,0.05,3,,nan,rule,full,rule,1.0,25,0.9968493994833739,0.00020669720816122073,-206369.41622915398,-105.09622572275099,0.3162765867274171,1.2651063469096684,0.0,7.379999999999989,7.379999999999989,875.974025974026,s4
s4,1000,0.05,4,,nan,rule,full,rule,1.0,4,1.041006881124739,-4.6105398671015315e-05,-82553.19062460866,-188.47705019185614,0.3235641499578534,1.2942565998314137,0.0,8.059999999999988,8.059999999999988,892.7710843373494,s4
s4,1000,0.05,5,,nan,rule,full,rule,1.0,4,1.1188289017331394,-0.00011422867013435615,-169747.79766613338,-156.42473301140086,0.34870537128761714,1.3948214851504686,0.0,8.459999999999988,8.459999999999988,873.5632183908046,s4
s4,1000,0.1,1,,nan,rule,full,rule,1.0,25,0.9533635782032539,-0.0006503088423764954,-214524.6044264799,-36.65345695037914,0.30351404040007157,1.2140561616002867,0.0,7.219999999999991,7.219999999999991,828.0,s4
s4,1000,0.1,2,,nan,rule,full,rule,0.0,-1,0.8860207718084465,-0.0002750415297620412,-101359.2999114329,-40.947068773022636,0.2797871411828518,1.1191485647314074,0.0,6.969999999999992,6.969999999999992,813.6986301369863,s4
s4,1000,0.1,3,,nan,rule,full,rule,1.0,24,1.011482425180059,0.00014823321641070975,-449253.0844665123,-336.74644991081476,0.327158043716828,1.308632174867312,0.0,7.439999999999989,7.439999999999989,819.2307692307693,s4
s4,1000,0.1,4,,nan,rule,full,rule,1.0,4,1.0477219800562814,-4.139001470266117e-06,-169265.5589618804,-4543.918252797482,0.3235641499578534,1.2942565998314137,0.0,8.059999999999988,8.059999999999988,845.7831325301205,s4
s4,1000,0.1,5,,nan,rule,full,rule,1.0,4,1.111403412436975,-0.0001253835920277569,-359461.0587257901,-318.5434153725403,0.34535317413371613,1.3814126965348645,0.0,8.40999999999999,8.40999999999999,837.9310344827586,s4
s4,1000,0.0,1,,nan,oracle,full,oracle,0.0,-1,0.6470258138008725,-0.00021793375494088977,0,0.0,0.20210168153048105,0.8084067261219241,0.0,0.0,0.0,0.0,s4
s4,1000,0.0,2,,nan,oracle,full,oracle,0.0,-1,0.6854668546857036,-0.00011053660110644996,0,0.0,0.2141418977864409,0.8565675911457638,0.0,0.0,0.0,0.0,s4
s4,1000,0.0,3,,nan,oracle,full,oracle,0.0,-1,0.803237896667601,0.0005454862015767022,0,0.0,0.2510118427086253,1.0040473708345012,0.0,0.0,0.0,0.0,s4
s4,1000,0.0,4,,nan,oracle,full,oracle,0.0,-1,0.90524584785387,-0.00013901057844702155,0,0.0,0.28288932745433437,1.1315573098173375,0.0,0.0,0.0,0.0,s4
s4,1000,0.0,5,,nan,oracle,full,oracle,0.0,-1,0.7118000981264913,0.00048196859465278685,0,0.0,0.2224375306645285,0.8897501226581142,0.0,0.0,0.0,0.0,s4
s4,1000,0.005,1,,nan,oracle,full,oracle,0.0,-1,0.84413945104652,3.967785370559549e-05,-4999.287021945842,-12.663006181137506,0.26381248158067666,1.0552499263227064,0.0,0.0,0.0,0.0,s4
s4,1000,0.005,2,,nan,oracle,full,oracle,0.0,-1,0.8081041238186081,8.459185250290675e-05,-3416.6213408886397,-4.059244703539741,0.2525139699404082,1.0100558797616328,0.0,0.0,0.0,0.0,s4
s4,1000,0.005,3,,nan,oracle,full,oracle,0.0,-1,0.8044396799721224,0.0005781112179631863,-11950.492273426964,-2.077549202510698,0.2513015445929298,1.0052061783717194,0.0,0.0,0.0,0.0,s4
s4,1000,0.005,4,,nan,oracle,full,oracle,0.0,-1,0.9080233701017262,0.00010878020210687689,-3547.6875991581473,-3.2777243523873802,0.2836563927273861,1.1346255709095443,0.0,0.0,0.0,0.0,s4
s4,1000,0.005,5,,nan,oracle,full,oracle,0.0,-1,0.862989459387744,0.00021721492782478507,-13258.244905036438,-6.134416904367327,0.26958316580094877,1.078332663203795,0.0,0.0,0.0,0.0,s4
s4,1000,0.01,1,,nan,oracle,full,oracle,0.0,-1,0.9199296071589032,0.00015024165501968578,-13270.406522029894,-8.921927165004325,0.2876925628161097,1.150770251264439,0.0,0.0,0.0,0.0,s4
s4,1000,0.01,2,,nan,oracle,full,oracle,0.0,-1,0.8042839096571582,0.00018171754999349665,-2544.3760639017564,-1.414325051331572,0.25131231097208473,1.005249243888339,0.0,0.0,0.0,0.0,s4
s4,1000,0.01,3,,nan,oracle,full,oracle,0.0,-1,0.9257723364420274,0.0007710023117108703,-31369.186001890746,-4.1097213309574006,0.2897458269973494,1.1589833079893976,0.0,0.0,0.0,0.0,s4
s4,1000,0.01,4,,nan,oracle,full,oracle,0.0,-1,0.9083496169072424,0.00022805353598349325,-9906.177119826782,-4.3876712859654186,0.28365642121475254,1.1346256848590102,0.0,0.0,0.0,0.0,s4
s4,1000,0.01,5,,nan,oracle,full,oracle,1.0,4,1.055621848766622,0.00022124877234074201,-30259.178123235237,-13.814687450574349,0.329563836171927,1.3182553446877083,0.0,0.0,0.0,0.0,s4
s4,1000,0.02,1,,nan,oracle,full,oracle,0.0,-1,0.940141303767298,5.729189935805542e-05,-34972.5185959317,-62.288462880605884,0.2945753568829975,1.17830142753199,0.0,0.0,0.0,0.0,s4
s4,1000,0.02,2,,nan,oracle,full,oracle,0.0,-1,0.8465094708271056,0.00029735362250528927,-13460.870234445203,-4.619275109600703,0.264753601319299,1.0590144052771961,0.0,0.0,0.0,0.0,s4
s4,1000,0.02,3,,nan,oracle,full,oracle,0.0,-1,0.9398356266631206,0.0007257505742108868,-75735.35598928807,-10.648420854961312,0.29517661474556245,1.1807064589822498,0.0,0.0,0.0,0.0,s4
s4,1000,0.02,4,,nan,oracle,full,oracle,1.0,4,1.0376728356946108,-0.00013037188099450147,-15862.551017277874,-12.415465992183849,0.32356414054344373,1.2942565621737754,0.0,0.0,0.0,0.0,s4
s4,1000,0.02,5,,nan,oracle,full,oracle,1.0,4,1.0641166348636433,0.00038198905122200294,-68154.32852761587,-18.206080244699667,0.33172416924189174,1.326896676967567,0.0,0.0,0.0,0.0,s4
s4,1000,0.05,1,,nan,oracle,full,oracle,0.0,-1,0.9365322040205566,0.0001471116769529487,-89495.84471970331,-64.03716842046477,0.29484292362510706,1.179371694500428,0.0,0.0,0.0,0.0,s4
s4,1000,0.05,2,,nan,oracle,full,oracle,0.0,-1,0.8102249274707934,8.273982483285822e-05,-8320.806565989275,-10.58588626621625,0.2536080998725935,1.014432399490374,0.0,0.0,0.0,0.0,s4
s4,1000,0.05,3,,nan,oracle,full,oracle,0.0,-1,0.8701595391572445,0.0008562828823106462,-152313.26315572998,-18.723923367193617,0.27033380747862384,1.0813352299144956,0.0,0.0,0.0,0.0,s4
s4,1000,0.05,4,,nan,oracle,full,oracle,1.0,4,1.0410115158494604,-4.0108713861946995e-05,-38484.36198037071,-101.00013392504535,0.3235641499578534,1.2942565998314137,0.0,0.0,0.0,0.0,s4
s4,1000,0.05,5,,nan,oracle,full,oracle,1.0,4,1.0679463267304492,0.0007428060150728806,-191951.98732577963,-27.201546487341787,0.3317241692646774,1.3268966770587096,0.0,0.0,0.0,0.0,s4
s4,1000,0.1,1,,nan,oracle,full,oracle,0.0,-1,0.8752783301352245,0.0002841601266144878,-149390.19551346172,-58.4139330537607,0.2773689638676749,1.1094758554706994,0.0,0.0,0.0,0.0,s4
s4,1000,0.1,2,,nan,oracle,full,oracle,0.0,-1,0.8059419520792952,5.247093900707033e-05,-24215.52966293227,-51.2781828933902,0.2529444183916725,1.01177767356669,0.0,0.0,0.0,0.0,s4
s4,1000,0.1,3,,nan,oracle,full,oracle,0.0,-1,0.895893719995001,0.0006913176663027455,-359845.0783652747,-57.83562092209147,0.28893648484715506,1.1557459393886202,0.0,0.0,0.0,0.0,s4
s4,1000,0.1,4,,nan,oracle,full,oracle,1.0,4,1.0477274574992994,-2.5867188273618617e-05,-102909.30320400186,-442.0413576348588,0.3235641499578534,1.2942565998314137,0.0,0.0,0.0,0.0,s4
s4,1000,0.1,5,,nan,oracle,full,oracle,1.0,4,1.075652122519415,0.0005717615593433794,-357582.64676630776,-69.48946557702241,0.3317241692646774,1.3268966770587096,0.0,0.0,0.0,0.0,s4
